city,country,continent,qol_index_numbeo,purchasing_power_idx_numbeo,safety_idx_numbeo,healthcare_idx_numbeo,cost_of_living_idx_numbeo,property_price_to_income_numbeo,traffic_commute_idx_numbeo,pollution_idx_numbeo,climate_idx_numbeo,housing_teleport,cost_of_living_teleport,startups_teleport,venture_capital_teleport,travel_connectivity_teleport,commute_teleport,business_freedom_teleport,safety_teleport,healthcare_teleport,education_teleport,environmental_quality_teleport,economy_teleport,taxation_teleport,internet_access_teleport,leisure_and_culture_teleport,tolerance_teleport,outdoors_teleport,_match_score,salary_net_usd,salary_year,_salary_match_score,meal_midrange_2pax_usd,_col_match_score,sunshine_hours_annual,_sunshine_match_score,english_proficiency_score,english_proficiency_band,_epi_country_match_score
Aarhus, Denmark,Europe,,,,,,,,,,6.1315,4.015000000000001,2.827000000000001,2.5119999999999996,3.5360000000000005,6.31175,9.94,9.616500000000002,8.704333333333333,5.3665,7.633000000000001,4.886500000000001,5.0680000000000005,8.373,3.187,9.738500000000002,4.13,,,,,92.14,100.0,1821.0,100.0,603.0,Very high,100.0
Abu Dhabi,UnitedArabEmirates,,192.4,160.5,88.2,71.1,54.1,5.8,32.9,46.9,43.9,,,,,,,,,,,,,,,,,,,,,,,,,,489.0,Low,94.73684210526316
Adelaide,Australia,Oceania,189.4,109.3,67.7,73.9,76.0,7.9,35.5,24.3,95.0,6.3095,4.692,3.1365,2.64,1.7765000000000004,5.33625,9.399666666666668,7.926000000000001,7.936666666666666,5.1419999999999995,8.330750000000002,6.0695000000000014,4.5885,4.341,4.3285,7.822,5.531000000000001,100.0,3075.3842857667923,2015,100.0,67.96,100.0,2765.4,100.0,,,
Ahmedabad,India,,124.5,63.4,67.9,67.2,22.8,7.9,39.0,72.5,49.3,,,,,,,,,,,,,,,,,,,355.19543526311475,2015,100.0,12.28,100.0,,,490.0,Low,100.0
Albuquerque, New Mexico,North America,,,,,,,,,,7.262,6.059,3.772,1.493,1.4555000000000002,5.05575,8.671,1.3435,6.429999999999999,4.151999999999999,7.3195,6.5145,4.346,5.396000000000001,4.890000000000001,7.028499999999999,3.5155,,,,,,,,,459.0,Low,90.0
Almaty, Kazakhstan,Asia,,,,,,,,,,9.282,9.333,2.4585,0.0,4.592,5.871249999999999,5.568,7.309,4.5456666666666665,2.283,3.85675,5.269,8.522,2.886,2.9370000000000003,6.5395,5.499999999999999,,443.0260488906767,2015,100.0,31.88,100.0,2356.0,100.0,427.0,Very low,100.0
Amman,Jordan,,120.9,45.3,61.5,65.1,42.7,7.8,40.3,77.2,89.0,,,,,,,,,,,,,,,,,,,623.4132581100141,2015,100.0,42.3,100.0,,,431.0,Very low,100.0
Amsterdam,Netherlands,Europe,194.1,112.2,71.1,78.3,69.7,11.3,24.2,24.6,87.5,3.0529999999999995,3.8240000000000007,7.971500000000001,6.107,8.3245,6.1185,8.836666666666666,8.503500000000003,7.907333333333333,6.18,7.59725,5.053000000000001,4.954999999999999,4.523000000000001,8.874,8.368,5.3069999999999995,100.0,,,,84.3,100.0,1662.0,100.0,636.0,Very high,100.0
Anchorage, Alaska,North America,,,,,,,,,,5.433500000000001,3.141,2.7945,0.0,1.7379999999999998,4.715249999999999,8.671,3.4704999999999995,6.0603333333333325,3.6245,9.272000000000002,6.5145,4.772,4.9645,3.2660000000000005,7.093,5.3580000000000005,,,,,,,,,,,
Andorra,Andorra,Europe,,,,,,,,,,3.969,0.0,1.0,0.0,0.5,0.0,0.0,9.5535,0.0,0.0,7.256,0.0,4.475,7.186,2.132,8.7035,3.5885,,,,,52.69,90.0,,,,,
Ankara,Turkey,Asia,136.1,54.7,60.5,69.2,37.1,9.0,36.2,65.0,91.5,9.928,9.125,3.9725000000000006,0.0,2.0475,5.291,5.948333333333333,7.425000000000002,6.914333333333333,2.0285,2.9360000000000004,4.093500000000001,4.323499999999999,2.3160000000000003,8.638499999999999,4.485500000000001,5.1465,100.0,518.4590998336007,2015,100.0,16.1,100.0,2449.6,100.0,497.0,Low,100.0
Asheville, North Carolina,North America,,,,,,,,,,5.855999999999999,5.311,3.5405,0.0,1.2095,1.358,8.671,5.852500000000001,6.725333333333332,3.6245,8.49325,6.5145,4.062,4.7875,5.063,7.7305,2.2655,,,,,,,,,,,
Asuncion, Paraguay,South America,,,,,,,,,,9.2265,9.295000000000002,2.207,0.0,0.645,4.968750000000001,3.684,6.9345,5.485333333333333,0.0,3.969,4.109,8.423499999999999,1.479,5.991999999999999,7.051499999999999,3.4845000000000006,,357.9674969691182,2015,100.0,22.17,100.0,2803.0,100.0,531.0,Moderate,100.0
Athens,Greece,Europe,120.2,52.8,44.1,57.0,53.5,15.0,38.8,56.7,95.2,9.052499999999998,6.5,4.404,2.325,3.707,5.2197499999999994,6.168999999999999,6.7585,7.153,3.1624999999999996,3.80225,3.3199999999999994,4.1665,2.2279999999999993,7.876000000000001,6.268000000000001,6.483,100.0,878.6770915577458,2015,100.0,52.69,100.0,2773.0,100.0,602.0,Very high,100.0
Atlanta, Georgia,North America,,,,,,,,,,4.9755,5.241,8.835,7.2570000000000014,5.2915,3.89775,8.671,2.6725,6.0233333333333325,6.456999999999999,5.817749999999999,6.5145,4.204,6.4805,7.765499999999999,4.062,5.0095,,,,,,,,,543.0,Moderate,100.0
Atlanta,UnitedStates,,181.3,168.1,36.0,67.1,75.7,2.4,41.3,45.0,89.7,,,,,,,,,,,,,,,,,,,,,,,,,,,,
Auckland, New Zealand,Oceania,,,,,,,,,,4.72,4.470000000000001,4.588000000000001,2.79,1.3045000000000004,4.845000000000001,10.0,7.0215,8.162666666666665,5.0465,8.2725,5.505500000000001,5.9315,6.8500000000000005,4.395999999999999,7.402000000000001,5.862,,2785.235333229849,2015,100.0,76.97,100.0,2003.1,100.0,,,
Auckland,NewZealand,,179.3,127.8,50.1,69.3,67.7,10.9,38.1,31.7,99.9,,,,,,,,,,,,,,,,,,,,,,,,,,,,
Austin,UnitedStates,,193.3,166.0,58.8,68.8,66.8,3.3,37.2,43.1,82.1,,,,,,,,,,,,,,,,,,,,,,,,,,,,
Austin, Texas,North America,,,,,,,,,,4.3345,5.3549999999999995,9.236,6.939000000000001,1.8515000000000004,4.3305,8.671,5.069,6.281666666666666,5.315000000000001,7.03075,6.5145,4.772,9.049,6.6979999999999995,6.7895,3.909,,,,,,,,,,,
Baku,Azerbaijan,Asia,114.1,38.5,69.5,47.7,32.8,14.1,37.3,74.4,91.4,9.745,9.806,2.6704999999999997,0.0,2.1690000000000005,5.492,5.671666666666666,8.772,3.701999999999999,0.0,2.62125,3.8765,5.861,1.4420000000000002,6.2195,6.584500000000001,4.503,100.0,342.15479679299665,2015,100.0,29.41,100.0,2207.4,100.0,462.0,Low,100.0
Bali, Indonesia,Asia,,,,,,,,,,5.0,0.0,1.628,0.0,1.9299999999999995,5.193500000000001,3.912333333333333,8.7475,4.442,0.5275,4.13775,4.657500000000001,6.266,3.2375000000000003,6.3335,4.558999999999999,7.5005,,,,,,,,,468.0,Low,100.0
Baltimore, Maryland,North America,,,,,,,,,,4.829999999999999,4.982,0.0,4.3580000000000005,3.6665,4.93475,5.502000000000001,2.373,6.870666666666666,5.8805,5.784500000000001,6.5145,4.062,4.988,0.0,5.755,3.9795,,,,,,,,,,,
Bangalore,India,,155.9,171.0,45.6,65.1,25.8,6.5,53.7,82.9,89.4,,,,,,,,,,,,,,,,,,,0.0,2015,88.88888888888889,18.42,100.0,2361.0,100.0,490.0,Low,100.0
Bangkok, Thailand,Asia,,,,,,,,,,7.3935,7.222,6.119,3.453,4.112,4.293500000000001,5.6036666666666655,7.0365,7.126666666666665,1.6915,3.37125,2.387,6.794500000000001,4.826499999999999,9.089,6.019,6.494000000000001,,667.752413240917,2015,100.0,28.8,100.0,2623.8,100.0,415.0,Very low,100.0
Barcelona,Spain,Europe,146.8,87.4,48.6,76.9,54.0,12.0,30.5,63.6,95.7,6.3229999999999995,6.074000000000001,7.7585000000000015,5.655,5.806,5.69925,7.1196666666666655,7.407499999999999,8.403333333333332,5.029000000000002,3.6655000000000006,4.296,3.894000000000001,6.467999999999999,8.591499999999998,7.471500000000001,5.827999999999999,100.0,1604.1092603095065,2015,100.0,63.22,100.0,2591.0,100.0,538.0,Moderate,100.0
Beijing,China,Asia,119.8,110.1,73.6,68.7,35.0,30.6,43.6,77.9,57.6,6.173000000000001,8.101,4.872,9.562,7.0175,4.83675,3.815333333333333,7.066,6.423333333333333,7.971000000000002,2.0555000000000003,6.103,1.4260000000000002,3.493,7.2685,2.822,4.9435,100.0,,,,31.32,100.0,2670.8,100.0,455.0,Low,100.0
Beirut, Lebanon,Asia,,,,,,,,,,6.655500000000001,6.3,3.4094999999999995,0.0,1.3045000000000004,4.77275,4.329,6.833,6.1593333333333335,1.0035,1.449,3.4345000000000003,8.2805,1.5905,3.3995,4.184,3.842000000000001,,841.4030421778007,2015,100.0,60.0,100.0,2944.0,100.0,492.0,Low,100.0
Belfast, United Kingdom,Europe,,,,,,,,,,7.532000000000001,6.014000000000001,3.55,1.6210000000000002,4.0985,5.28,8.991999999999999,7.678999999999999,8.168333333333333,4.6865000000000006,8.377500000000001,5.438,5.9545,5.5954999999999995,4.957000000000001,5.9795,1.413,,2421.4338946013568,2015,100.0,73.8,100.0,,,,,
Belgrade,Serbia,Europe,114.2,51.3,61.9,53.2,42.1,18.8,36.4,68.0,84.1,9.2575,8.546000000000001,4.9095,2.333,2.1365000000000003,5.578250000000001,5.383999999999999,6.6995000000000005,6.0103333333333335,0.5,4.88325,1.638,4.1665,3.863,6.497,7.387,5.078,100.0,540.084495433494,2015,100.0,34.56,100.0,2112.0,100.0,568.0,High,100.0
Belize City, Belize,North America,,,,,,,,,,4.6425,0.0,1.866,0.0,0.8900000000000001,0.0,3.4109999999999996,6.052,5.503999999999999,0.0,2.031,3.4959999999999996,6.930000000000001,3.8075,1.0645,6.865,0.5,,,,,50.0,100.0,,,,,
Belo Horizonte,Brazil,,112.8,28.7,39.4,64.7,30.3,17.6,43.6,52.0,98.5,,,,,,,,,,,,,,,,,,,323.8364973874354,2015,100.0,28.74,100.0,2424.7,100.0,466.0,Low,100.0
Bengaluru, India,Asia,,,,,,,,,,9.810999999999998,10.0,10.0,8.972999999999999,4.064,4.00625,3.617999999999999,7.294,3.9369999999999994,0.656,2.75575,5.5565,3.4145,2.8409999999999997,3.2215000000000007,3.4844999999999997,2.385,,,,,,,,,490.0,Low,100.0
Bergen, Norway,Europe,,,,,,,,,,5.229499999999999,1.805,2.207,1.0,3.2425000000000006,5.8875,9.635333333333332,7.7075,7.646666666666667,4.8395,7.539250000000001,7.0735,4.752,6.537000000000001,4.4875,7.6145,4.3134999999999994,,3302.170545510448,2015,100.0,87.34,100.0,1187.0,100.0,610.0,Very high,100.0
Berlin,Germany,Europe,170.5,120.4,55.4,67.5,64.7,11.0,33.7,38.7,83.3,6.3950000000000005,5.524,9.085,7.820000000000001,7.024999999999999,6.1960000000000015,9.072333333333331,7.251500000000001,7.990666666666666,7.019000000000001,6.771500000000001,5.373500000000001,3.9035,4.677999999999999,8.881,7.177499999999998,5.475000000000001,100.0,2669.410142526432,2015,100.0,63.22,100.0,1626.0,100.0,598.0,High,100.0
Bern, Switzerland,Europe,,,,,,,,,,4.922500000000001,1.0,2.6875000000000004,0.0,5.2635000000000005,5.19775,8.888,9.266,7.520333333333333,5.3454999999999995,9.2445,6.552,6.4285000000000005,6.1145000000000005,4.245,8.589,2.1225,,5649.480388992471,2015,100.0,106.85,100.0,,,550.0,High,100.0
Bilbao, Spain,Europe,,,,,,,,,,6.888000000000001,5.638,2.668,0.0,4.1735,5.774750000000001,7.1196666666666655,8.7805,9.320666666666666,3.759000000000001,8.328000000000001,4.296,3.894000000000001,5.756,6.013999999999999,8.663,1.481,,1580.9854215330213,2015,100.0,57.96,100.0,,,538.0,Moderate,100.0
Birmingham, Alabama,North America,,,,,,,,,,6.5555,5.133,4.3575,1.0,1.4354999999999998,2.02075,8.671,1.776,6.540999999999999,3.6245,7.0375,6.5145,4.204,5.1605,5.3835,4.881500000000002,1.2660000000000002,,,,,,,,,,,
Birmingham, United Kingdom,Europe,,,,,,,,,,5.9035,5.814,4.3575,2.541,5.8450000000000015,5.4935,8.991999999999999,6.946500000000001,8.293666666666667,5.0265,5.7385,5.438,5.9545,5.940000000000001,4.4350000000000005,6.421,1.2675,,2077.2329127342273,2015,100.0,61.5,100.0,,,,,
Bogota, Colombia,South America,,,,,,,,,,9.0275,9.079999999999998,5.7085,1.259,1.889,4.964,6.348666666666665,6.222000000000001,6.301666666666667,1.534,4.3475,4.5945,1.8515000000000004,2.9760000000000004,6.215,8.555499999999999,7.477,,302.2793641225421,2015,100.0,18.88,100.0,1328.0,100.0,485.0,Low,100.0
Boise, Idaho,North America,,,,,,,,,,6.9635,6.578,4.205,2.5960000000000005,1.3235,5.2250000000000005,8.671,4.3605,6.797333333333332,3.6245,8.069500000000001,6.5145,4.062,3.442,4.1995,6.9275,5.221,,,,,,,,,,,
Bologna, Italy,Europe,,,,,,,,,,7.472,5.189,3.1485000000000007,1.3969999999999998,3.682,5.53,6.189666666666666,7.337,8.577666666666667,4.202500000000001,5.460250000000001,3.3625,2.4365,7.7105,5.736000000000001,7.618,1.5815,,1781.9315026426343,2015,100.0,71.13,100.0,,,528.0,Moderate,100.0
Bordeaux, France,Europe,,,,,,,,,,7.1915,4.583,3.6915,0.0,4.876,5.5497499999999995,8.088333333333333,7.466,8.823333333333332,4.442,7.261000000000001,4.2045,2.648000000000001,3.875,5.3005,7.126499999999999,2.8754999999999997,,0.0,2015,100.0,65.86,100.0,,,524.0,Moderate,100.0
Boston, Massachusetts,North America,,,,,,,,,,1.0,4.259,9.565,10.0,3.215,4.39625,8.671,7.742000000000001,6.728999999999998,8.6245,8.1705,6.5145,4.062,5.700500000000001,8.564,8.4815,5.659999999999999,,,,,,,,,,,
Boston,UnitedStates,,176.4,128.3,59.9,72.7,85.8,7.4,44.1,29.8,71.7,,,,,,,,,,,,,,,,,,,,,,,,,,,,
Boulder, Colorado,North America,,,,,,,,,,3.704,4.531,5.853000000000001,6.019,4.207,6.138000000000002,8.671,7.0735,7.050333333333333,4.679,9.84375,6.5145,4.346,6.2780000000000005,2.5649999999999995,9.274500000000002,6.699,,,,,,,,,,,
Bozeman, Montana,North America,,,,,,,,,,2.949,0.0,3.407,0.0,1.1905,0.0,8.671,6.9145,6.515,4.128,9.369,6.5145,4.062,5.156000000000001,1.907,7.2935,6.134,,,,,,,,,,,
Brasilia,Brazil,,134.9,42.8,40.6,51.8,31.7,17.8,30.6,30.0,99.0,,,,,,,,,,,,,,,,,,,599.067141508464,2015,100.0,38.32,100.0,2368.3,100.0,466.0,Low,100.0
Bratislava,Slovakia,Europe,152.7,74.6,69.6,55.6,49.7,16.1,30.6,37.0,80.7,7.874499999999999,7.618,3.487,0.0,4.890000000000001,5.8115000000000006,6.188666666666666,8.618,6.751999999999999,3.2975,6.199999999999999,4.4705,4.937,4.583500000000001,6.186,6.432499999999999,4.8575,100.0,1249.4035879259677,2015,100.0,47.42,100.0,2038.0,100.0,584.0,High,100.0
Brighton, United Kingdom,Europe,,,,,,,,,,2.49,5.324,3.4094999999999995,0.0,8.322,5.547500000000001,8.991999999999999,8.4715,7.716333333333331,4.906000000000001,8.245750000000001,5.438,5.9545,4.7585,4.8695,8.17,4.898,,2674.6344356707077,2015,100.0,73.8,100.0,,,,,
Brisbane,Australia,Oceania,193.3,135.2,63.3,74.5,67.9,8.7,40.8,28.5,98.1,5.212,5.1770000000000005,6.343,3.24,2.4345,4.617750000000001,9.399666666666668,7.903500000000001,8.317666666666666,5.920999999999999,8.82775,6.0695000000000014,4.5885,4.407500000000001,4.01,7.489500000000001,6.256500000000002,100.0,3344.664227284273,2015,100.0,67.96,100.0,2968.4,100.0,,,
Bristol, United Kingdom,Europe,,,,,,,,,,5.215999999999999,5.242,4.113,3.593,4.890000000000001,5.4437500000000005,8.991999999999999,7.94,8.251666666666665,5.4615,6.472250000000001,5.438,5.9545,6.478000000000001,3.8625,7.439499999999999,4.538,,2434.9525190474833,2015,100.0,73.8,100.0,,,,,
Brno,CzechRepublic,,175.2,97.6,74.5,76.3,42.8,13.2,26.0,40.8,78.2,,,,,,,,,,,,,,,,,,,,,,,,,,,,
Brno, Czechia,Europe,,,,,,,,,,8.329000000000002,7.925999999999998,2.9155,0.0,2.601,5.827249999999999,6.2126666666666654,8.5655,8.096666666666666,4.226500000000001,6.05525,4.378000000000001,5.9335,7.020500000000002,5.3525,8.055000000000001,3.694,,,,,,,,,567.0,High,100.0
Brussels,Belgium,Europe,148.4,105.0,44.4,73.6,66.6,7.0,36.8,61.6,83.8,6.3549999999999995,4.477,5.6915,3.3739999999999997,7.4675,5.386750000000001,8.876999999999999,6.703,8.158333333333333,6.6530000000000005,4.591000000000001,4.8115000000000006,1.883,7.5715,8.143999999999998,6.481,4.123,100.0,2740.560292326431,2015,100.0,73.76,100.0,1546.0,100.0,592.0,High,100.0
Bucharest,Romania,Europe,128.7,74.3,72.0,54.8,41.3,9.5,40.9,75.2,75.6,9.186500000000002,8.516,5.383,1.187,3.4955,5.072500000000001,5.681666666666667,8.985999999999999,6.075333333333333,2.4475,3.41925,4.103,6.8389999999999995,9.638,6.959499999999999,8.686500000000002,1.9675,100.0,795.6449897650342,2015,100.0,42.82,100.0,2115.0,100.0,593.0,High,100.0
Budapest,Hungary,Europe,134.4,68.8,65.9,52.1,43.6,13.8,39.0,53.1,78.4,8.570500000000001,7.948,5.4935,2.8040000000000003,4.426500000000001,5.395000000000001,6.707999999999999,8.218499999999999,5.745999999999999,3.693,5.2875,4.946,6.1075,6.759,8.253000000000002,7.228,5.112000000000001,100.0,893.2601590253144,2015,100.0,38.57,100.0,1988.0,100.0,585.0,High,100.0
Buenos Aires, Argentina,South America,,,,,,,,,,8.812000000000001,7.763999999999999,4.672999999999999,2.3100000000000005,3.77,4.9235,4.045333333333334,6.0395,6.978999999999998,1.422,4.869,2.884,1.568,1.5275,7.6735,8.584000000000001,4.535500000000001,,568.8982468226685,2015,100.0,25.0,100.0,2525.2,100.0,562.0,High,100.0
Buffalo, New York,North America,,,,,,,,,,7.0765,5.228000000000001,3.947000000000001,2.7150000000000003,1.511,2.154,8.671,7.1884999999999994,6.457333333333333,4.212,8.329249999999998,6.5145,3.9205,6.757999999999999,4.32,7.404000000000001,4.6465,,,,,,,,,,,
Cairo, Egypt,Africa,,,,,,,,,,10.0,10.0,5.0985000000000005,2.958,3.7575,3.99025,5.7906666666666675,6.791,4.0409999999999995,0.5,1.1555000000000002,2.978,5.101,2.405,6.1855,2.6500000000000004,0.5,,274.98771979118,2015,100.0,20.35,100.0,3541.8,100.0,465.0,Low,100.0
Calgary,Canada,North America,179.8,124.1,61.5,74.1,69.5,4.2,29.0,23.4,33.1,6.495000000000001,5.417999999999999,5.9495000000000005,2.0359999999999996,2.514,5.157500000000001,8.966,7.923,8.026333333333334,5.5550000000000015,8.191499999999998,5.8405000000000005,7.2745000000000015,5.6705000000000005,4.268,8.1105,7.504499999999999,100.0,3351.0704270947576,2015,100.0,63.0,100.0,2396.3,100.0,,,
Cambridge, United Kingdom,Europe,,,,,,,,,,4.1055,4.851,5.253,3.2840000000000003,6.887499999999999,5.627750000000001,8.991999999999999,9.504499999999998,8.189,6.554500000000001,8.0165,5.438,5.9545,5.8095,2.455,8.487000000000002,0.5,,2730.2974476790546,2015,100.0,,,,,,,
Canberra,Australia,,181.6,104.0,73.6,70.6,79.3,9.5,38.2,24.1,82.7,,,,,,,,,,,,,,,,,,,3385.7001089955315,2015,100.0,74.75,100.0,2813.7,100.0,,,
Cape Town,SouthAfrica,,159.3,105.2,26.2,68.8,35.2,5.4,42.5,38.7,98.2,,,,,,,,,,,,,,,,,,,,,,,,,,594.0,High,95.65217391304348
Cape Town, South Africa,Africa,,,,,,,,,,6.7635000000000005,7.955,5.611000000000001,3.725,2.1630000000000003,3.8425,4.732,5.327999999999999,4.343,0.8945000000000001,6.6085,2.7680000000000007,5.151,5.612500000000001,4.736000000000001,3.6605,6.750500000000001,,1160.5257664293372,2015,100.0,34.22,100.0,3094.0,100.0,594.0,High,100.0
Caracas, Venezuela,South America,,,,,,,,,,4.9025,9.82,3.0535,0.0,1.3235,4.544250000000001,1.0,5.221,4.178333333333334,0.0,2.2725,1.978,4.180000000000001,1.6415000000000002,4.38,4.5504999999999995,4.0985,,265.0,2015,100.0,50.0,100.0,2506.9,100.0,510.0,Moderate,100.0
Cardiff, United Kingdom,Europe,,,,,,,,,,7.065,6.082,3.3955,1.7800000000000002,4.890000000000001,5.764749999999999,8.991999999999999,8.21,8.318333333333332,4.785500000000001,6.607249999999999,5.438,5.9545,5.101,5.0285,7.996,4.8055,,2544.617483936715,2015,100.0,,,,,,,
Casablanca, Morocco,Africa,,,,,,,,,,8.822,9.088,3.0974999999999997,0.0,2.9145,4.26,5.614333333333333,6.775500000000001,4.47,0.0,2.2555000000000005,3.1735,3.2994999999999997,2.067,2.6830000000000003,2.945,3.9935,,479.01016277766246,2015,100.0,18.89,100.0,,,479.0,Low,100.0
Charleston, South Carolina,North America,,,,,,,,,,4.6370000000000005,3.567,4.92,2.011,1.399,4.62075,8.671,5.0555,6.779666666666666,3.6245,7.276,6.5145,4.062,6.093,6.595000000000001,5.771000000000001,5.0095,,,,,,,,,,,
Charlotte, North Carolina,North America,,,,,,,,,,5.549,4.987,6.247999999999999,2.878,3.679,4.134,8.671,5.347499999999999,6.432333333333333,3.6245,8.009249999999998,6.5145,4.062,6.3870000000000005,5.606,6.7895,1.3115,,,,,,,,,,,
Chattanooga, Tennessee,North America,,,,,,,,,,6.782,6.121,3.909499999999999,2.228,1.2095,0.7969999999999999,8.671,4.468,6.2429999999999986,3.6245,7.1515,6.5145,4.772,8.365,4.1625,4.7925,3.908,,,,,,,,,,,
Chennai,India,Asia,131.8,101.6,60.0,69.4,21.8,9.1,46.7,74.5,53.2,10.0,10.0,7.104,3.782000000000001,4.208,4.8420000000000005,3.617999999999999,7.837000000000001,4.074666666666666,0.5115000000000001,2.3945000000000007,5.5565,3.4145,6.825500000000001,2.2275,4.550000000000001,4.198,100.0,467.9838557437736,2015,100.0,12.28,100.0,2848.5,100.0,490.0,Low,100.0
Chiang Mai, Thailand,Asia,,,,,,,,,,9.3725,8.495000000000001,1.783,0.0,1.6945,5.141249999999999,5.6036666666666655,8.452500000000002,7.393666666666667,1.6875,3.981,2.387,6.794500000000001,4.2865,6.847500000000001,6.8715,3.0879999999999996,,541.8022826130166,2015,100.0,,,2512.2,100.0,415.0,Very low,100.0
Chicago, Illinois,North America,,,,,,,,,,3.702,4.766000000000001,9.513,8.368,5.5075,4.57975,8.671,3.832,6.215999999999998,7.999,6.8045,6.5145,4.062,6.599499999999999,8.193,6.1339999999999995,5.4155,,,,,,,,,,,
Chicago,UnitedStates,,149.8,126.3,34.0,65.2,80.2,3.3,41.8,50.5,66.1,,,,,,,,,,,,,,,,,,,,,,,,,,,,
Chisinau, Moldova,Europe,,,,,,,,,,9.6765,9.343,3.0535,0.0,1.6025,5.495,5.443333333333333,7.627999999999999,5.065999999999999,1.3995,4.3382499999999995,3.9765000000000006,6.2325,5.3615,2.7120000000000006,6.646999999999999,3.121,,,,,25.99,100.0,2126.0,100.0,536.0,Moderate,100.0
Christchurch, New Zealand,Oceania,,,,,,,,,,6.934000000000001,5.096,1.5355000000000003,0.0,0.8334999999999999,5.51775,10.0,7.584999999999999,8.312333333333333,4.756,9.2565,5.505500000000001,5.9315,5.922,3.223500000000001,8.403500000000001,6.269,,2638.0931291059383,2015,100.0,64.14,100.0,2070.2,100.0,,,
Cincinnati, Ohio,North America,,,,,,,,,,6.6775,6.1080000000000005,6.0995,2.7089999999999996,1.9265,4.743500000000001,8.671,4.975,6.345999999999999,4.2805,7.1095,6.5145,3.9205,6.512000000000001,6.118000000000001,5.2989999999999995,3.6075,,,,,,,,,,,
Cleveland, Ohio,North America,,,,,,,,,,7.155999999999999,5.595,4.961,3.646,2.077500000000001,4.42125,8.671,3.637,6.755666666666666,4.6185,7.2505,6.5145,3.9205,5.476500000000001,5.696500000000001,4.775499999999999,4.669,,,,,,,,,,,
Cluj-Napoca,Romania,Europe,160.4,75.9,77.8,65.7,39.2,12.2,29.7,43.5,74.3,9.165,8.794,3.4094999999999995,1.8990000000000005,1.7625000000000002,5.876,5.681666666666667,9.4745,6.434333333333333,2.4480000000000004,6.40075,4.103,6.8389999999999995,8.6655,2.6275000000000004,8.624,4.255,100.0,811.2332255992766,2015,100.0,38.53,100.0,,,593.0,High,100.0
Cologne,Germany,Europe,173.1,117.5,57.5,72.8,62.7,10.2,35.9,38.4,84.8,6.5265,5.606999999999999,5.1065000000000005,3.2780000000000005,7.282000000000001,5.381749999999999,9.072333333333331,6.6295,8.04,5.1034999999999995,6.48,5.373500000000001,3.9035,5.666,5.3225,6.7115,5.289000000000001,100.0,2761.0648567723697,2015,100.0,55.32,100.0,,,598.0,High,100.0
Colorado Springs, Colorado,North America,,,,,,,,,,6.4995,5.375,4.267,2.147,1.266,1.7352500000000004,8.671,5.3774999999999995,5.843999999999999,3.6245,8.526500000000002,6.5145,4.346,5.9225,3.812,9.206,7.356499999999999,,,,,,,,,,,
Columbus, Ohio,North America,,,,,,,,,,6.2895,5.746000000000001,5.878500000000001,4.973000000000001,1.663,5.02675,8.671,5.2815,6.406,5.047499999999999,8.166,6.5145,3.9205,4.5535,6.465999999999999,5.9215,4.544999999999999,,,,,,,,,,,
Copenhagen,Denmark,Europe,201.5,123.7,74.3,77.2,75.7,8.2,27.7,21.3,83.7,4.227,3.426,6.206999999999999,4.467,6.3,6.2955000000000005,9.94,9.1525,7.985333333333334,5.301,8.27225,4.886500000000001,5.0680000000000005,7.239500000000001,7.063000000000001,9.0955,4.671000000000001,100.0,,,,113.4,100.0,1912.0,100.0,603.0,Very high,100.0
Cork,Ireland,Europe,179.2,105.5,64.2,55.8,68.6,6.3,33.9,25.9,89.8,5.514500000000001,4.902,3.9875,2.8699999999999997,2.3615,5.504250000000001,8.345666666666666,8.839500000000001,7.426333333333334,4.879,8.012750000000002,7.514500000000001,6.254999999999999,9.143999999999998,2.5315,8.630500000000001,0.5,100.0,2781.525759649087,2015,100.0,79.03,100.0,,,,,
Curitiba,Brazil,South America,137.7,40.6,38.0,66.8,29.6,17.3,32.7,31.2,99.6,9.4295,8.433,2.912,2.148,0.8900000000000001,4.950250000000001,2.781,5.9465,5.897,1.0165000000000002,7.75725,2.187,2.8525,3.1420000000000003,7.1875,7.848000000000001,2.6655,100.0,324.450302072915,2015,100.0,28.74,100.0,1844.8,100.0,466.0,Low,100.0
Dallas, Texas,North America,,,,,,,,,,5.259000000000001,6.090999999999999,7.939500000000001,4.9159999999999995,4.746499999999999,4.4704999999999995,8.671,4.3389999999999995,6.086666666666666,4.284,6.693,6.5145,4.772,6.4609999999999985,7.1685,5.294,4.501999999999999,,,,,,,,,,,
Dallas,UnitedStates,,186.2,159.1,48.1,66.4,70.5,2.8,35.2,41.9,81.9,,,,,,,,,,,,,,,,,,,,,,,,,,,,
Dar es Salaam, Tanzania,Africa,,,,,,,,,,7.652000000000001,8.026,2.6875000000000004,3.191,1.4535,2.07575,3.2886666666666664,6.1005,3.238666666666667,0.0,2.0802500000000004,5.499999999999999,4.497000000000001,1.11,1.205,2.7665,4.3535,,0.0,2015,100.0,24.65,100.0,,,487.0,Low,100.0
Delhi,India,Asia,115.8,121.7,41.1,66.5,23.9,8.2,57.8,90.3,58.9,9.752,9.869,9.828500000000002,9.099000000000002,5.642,3.71225,3.617999999999999,6.4185,3.7126666666666663,0.512,2.2030000000000003,5.5565,3.4145,3.588,5.683,3.115999999999999,1.1785,100.0,480.2460623861624,2015,100.0,22.11,100.0,2684.6,100.0,490.0,Low,100.0
Denver, Colorado,North America,,,,,,,,,,3.8375,5.102,7.8645,6.117,4.243,4.530000000000001,8.671,5.371,6.220333333333333,3.6245,7.11675,6.5145,4.346,5.418500000000001,6.2235,7.860499999999999,7.932999999999999,,,,,,,,,,,
Denver,UnitedStates,,165.4,129.7,52.9,69.7,76.6,4.5,36.0,44.3,56.3,,,,,,,,,,,,,,,,,,,,,,,,,,,,
Des Moines, Iowa,North America,,,,,,,,,,6.850999999999999,6.327,2.912,1.818,1.379,2.0722500000000004,8.671,6.984,6.709,3.6245,8.68225,6.5145,4.346,5.6979999999999995,6.0665,8.4765,3.299500000000001,,,,,,,,,,,
Detroit, Michigan,North America,,,,,,,,,,6.223000000000001,6.032,5.4015,5.183999999999999,3.6405,0.933,8.671,4.4615,5.786333333333332,5.8185,4.04675,6.5145,3.7785,6.167000000000002,7.478,3.678,5.387499999999999,,,,,,,,,,,
Doha,Qatar,Asia,174.3,140.8,83.9,73.4,52.2,5.6,29.2,59.9,36.0,2.1315,6.183,2.6875000000000004,0.0,2.6425,4.61625,7.408333333333332,9.486,7.4336666666666655,1.4335,3.94175,9.39,10.0,3.245,4.6205,5.0625,4.436999999999999,100.0,3109.945736316336,2015,100.0,54.93,100.0,,,480.0,Low,100.0
Dresden, Germany,Europe,,,,,,,,,,7.884500000000001,6.0280000000000005,2.4065,1.533,3.536000000000001,4.959999999999999,9.072333333333331,8.463999999999999,8.393666666666666,5.124500000000001,8.110750000000001,5.373500000000001,3.9035,5.6035,6.6385,7.369,4.649,,2591.6779797430986,2015,100.0,47.42,100.0,,,598.0,High,100.0
Dubai,UnitedArabEmirates,,174.1,122.7,83.7,69.7,60.0,4.9,36.3,48.7,50.3,,,,,,,,,,,,,,,,,,,,,,,,,,489.0,Low,94.73684210526316
Dubai, United Arab Emirates,Asia,,,,,,,,,,2.591,5.49,7.309000000000001,4.183,4.508,4.2284999999999995,8.036999999999999,9.172,6.3919999999999995,2.28,6.035500000000001,7.885999999999999,10.0,3.151,4.6705,5.426500000000001,5.7985,,2993.703367384631,2015,100.0,81.68,100.0,,,489.0,Low,100.0
Dublin,Ireland,Europe,148.6,100.8,46.9,51.2,69.3,9.5,40.6,41.3,85.9,2.5124999999999997,4.005000000000001,5.651,6.204,4.7615,5.44625,8.345666666666666,7.121499999999999,6.8103333333333325,5.6065,6.5015,7.514500000000001,6.254999999999999,8.3435,7.134500000000001,7.328,5.664,100.0,2866.5357573520764,2015,100.0,84.3,100.0,1453.0,100.0,,,
Durban,SouthAfrica,,145.6,91.7,19.4,58.6,32.9,4.7,25.5,53.1,95.6,,,,,,,,,,,,,,,,,,,,,,,,,,594.0,High,95.65217391304348
Dusseldorf, Germany,Europe,,,,,,,,,,6.282000000000001,5.1339999999999995,3.389,2.2300000000000004,6.6695,5.283000000000001,9.072333333333331,8.166,8.003666666666666,4.306500000000001,7.375499999999999,5.373500000000001,3.9035,5.666,4.664000000000001,7.868499999999999,5.3585,,2961.882664160842,2015,100.0,59.54,100.0,,,598.0,High,100.0
Edinburgh, United Kingdom,Europe,,,,,,,,,,5.8450000000000015,5.114,4.109,3.3369999999999997,5.185,5.967500000000001,8.991999999999999,8.485,8.552333333333332,6.092500000000001,7.763,5.438,5.9545,5.1755,7.200500000000001,7.922000000000001,5.131,,2414.293916262125,2015,100.0,73.8,100.0,1427.0,100.0,,,
Edinburgh,UnitedKingdom,,189.0,111.6,68.9,77.5,69.9,7.9,31.0,28.1,84.0,,,,,,,,,,,,,,,,,,,,,,,,,,,,
Edmonton,Canada,North America,173.4,120.9,53.5,77.3,62.5,3.8,28.1,28.8,32.1,6.729500000000001,5.522,4.6240000000000006,2.392,1.9019999999999997,5.09725,8.966,7.1175000000000015,8.269,5.948,8.17575,5.8405000000000005,7.2745000000000015,4.609999999999999,3.974,7.9255,3.385,100.0,2837.5291606223564,2015,100.0,66.7,100.0,2344.8,100.0,,,
Eindhoven,Netherlands,Europe,217.5,139.4,78.1,78.9,62.2,6.0,24.5,19.2,85.4,6.252000000000001,5.125,3.5405,3.0170000000000003,4.807499999999999,6.031750000000001,8.836666666666666,9.107,8.559333333333333,5.0805,8.805,5.053000000000001,4.954999999999999,7.658999999999999,4.333500000000001,9.3425,4.628,100.0,,,,63.22,100.0,,,636.0,Very high,100.0
Eugene, Oregon,North America,,,,,,,,,,6.713,5.021,3.0865000000000005,1.964,1.192,5.627000000000001,8.671,6.171500000000001,6.566666666666666,4.1735,8.231,6.5145,3.9205,4.756000000000001,2.9560000000000004,8.9695,3.533,,,,,,,,,,,
Florence, Italy,Europe,,,,,,,,,,6.775,4.649,2.2274999999999996,0.0,4.306,6.0287500000000005,6.189666666666666,7.9725,8.163666666666666,4.058000000000001,6.009000000000001,3.3625,2.4365,4.4415,8.503499999999999,6.7355,1.6769999999999998,,1600.9046256070649,2015,100.0,63.22,100.0,,,528.0,Moderate,100.0
Florianopolis, Brazil,South America,,,,,,,,,,9.0595,8.331000000000001,1.0,0.0,0.683,4.78775,2.781,6.5249999999999995,5.432999999999999,1.0165000000000002,4.943999999999999,2.187,2.8525,3.185,5.33,7.637500000000001,5.7509999999999994,,405.090320684387,2015,100.0,34.49,100.0,,,466.0,Low,100.0
Fort Collins, Colorado,North America,,,,,,,,,,2.744500000000001,0.0,4.0435,0.0,1.102,2.0075000000000003,8.671,6.935499999999999,6.8309999999999995,4.1735,9.95325,6.5145,4.346,5.301999999999999,2.746,9.48,6.1865000000000006,,,,,,,,,,,
Frankfurt,Germany,Europe,194.5,142.3,53.9,76.7,63.7,8.2,23.8,32.7,84.7,5.957,5.143,3.768,3.398999999999999,8.529,5.923,9.072333333333331,6.8375,7.707333333333334,5.2065,6.4755,5.373500000000001,3.9035,4.079,6.492,7.0345,5.384,100.0,3307.7223972306656,2015,100.0,63.22,100.0,1662.0,100.0,598.0,High,100.0
Fukuoka, Japan,Asia,,,,,,,,,,4.01,0.0,1.484,1.79,6.172499999999999,0.0,8.389666666666667,9.945,9.098,5.5275,7.916,3.7235,6.0329999999999995,4.575000000000001,5.8605,7.259,5.6815,,,,,37.23,100.0,,,454.0,Low,100.0
Galway, Ireland,Europe,,,,,,,,,,6.275500000000001,4.9270000000000005,2.5380000000000003,2.556,2.3615,5.68975,8.345666666666666,8.89,7.069999999999999,5.0075,7.51875,7.514500000000001,6.254999999999999,7.637499999999999,1.1150000000000002,8.700499999999998,3.712499999999999,,2817.7168343773033,2015,100.0,81.67,100.0,,,,,
Gdansk,Poland,Europe,151.3,95.6,67.3,51.0,41.3,12.2,30.1,52.2,75.5,8.508,8.126999999999999,2.6875000000000004,0.0,2.8345,5.861,5.7043333333333335,8.0405,6.855666666666666,4.6615,7.794500000000001,4.7615,5.0969999999999995,5.036,5.515,4.4785,5.0249999999999995,100.0,853.9229332389476,2015,100.0,33.81,100.0,,,588.0,High,100.0
Geneva,Switzerland,Europe,196.2,152.2,69.3,71.0,101.7,12.0,32.1,25.6,82.6,1.0775,1.0,4.692,3.089,5.866500000000001,6.003,8.888,8.427,7.443,5.186,8.601750000000001,6.552,6.4285000000000005,8.378499999999999,5.244000000000001,8.6205,6.5535,100.0,6375.551248842198,2015,100.0,128.21,100.0,1887.0,100.0,550.0,High,100.0
Gibraltar, Gibraltar,Europe,,,,,,,,,,1.112,0.0,2.8419999999999996,1.5659999999999998,0.758,0.0,0.0,9.3375,3.023333333333333,0.0,5.1835,0.0,2.9130000000000003,4.296,2.235,4.4265,4.7565,,,,,79.95,100.0,,,,,
Glasgow,UnitedKingdom,,185.8,121.6,54.9,79.0,65.2,5.1,31.3,34.2,84.8,,,,,,,,,,,,,,,,,,,,,,,,,,,,
Glasgow, United Kingdom,Europe,,,,,,,,,,6.9285000000000005,5.623,3.505,1.1820000000000002,6.1995000000000005,5.35225,8.991999999999999,7.496,8.813333333333333,5.306500000000001,7.100999999999999,5.438,5.9545,4.252999999999999,4.671000000000001,6.9430000000000005,3.740999999999999,,2570.8104530025407,2015,100.0,73.8,100.0,,,,,
Gothenburg,Sweden,Europe,189.6,125.2,53.6,67.3,60.8,8.3,25.3,19.4,77.5,6.725,5.046000000000001,3.1285000000000007,3.725,3.6575,5.96875,9.568999999999996,7.296,8.101666666666667,4.7775,8.58975,5.694499999999999,2.7495000000000003,6.1925,4.0045,6.3645,4.5685,100.0,2840.676571040616,2015,100.0,58.1,100.0,1762.0,100.0,608.0,Very high,100.0
Grenoble, France,Europe,,,,,,,,,,7.505000000000001,4.317,2.7430000000000003,1.852,3.996,5.52575,8.088333333333333,5.8875,9.063,4.549,6.151,4.2045,2.648000000000001,3.758,3.1785,5.0504999999999995,4.646,,0.0,2015,100.0,52.69,100.0,,,524.0,Moderate,100.0
Guadalajara,Mexico,North America,122.2,47.9,37.5,80.0,41.2,14.4,41.8,58.9,92.8,9.527,9.49,4.3445,0.0,1.7294999999999998,4.3455,5.764999999999999,6.472000000000001,7.034333333333333,1.2095,3.34325,3.5005,4.333500000000001,4.0925,7.657,8.1575,3.4765000000000006,100.0,432.6080464854839,2015,100.0,30.94,100.0,,,459.0,Low,100.0
Guatemala City, Guatemala,North America,,,,,,,,,,8.8125,8.175,2.641,1.673,0.8145000000000001,0.5237499999999999,4.616999999999999,6.139,4.763666666666666,0.0,3.75775,3.805,8.505,2.506,5.1645,7.157,4.1335,,443.2540471942928,2015,100.0,35.02,100.0,,,507.0,Moderate,100.0
Gurgaon,India,,131.7,128.0,46.4,65.1,25.4,8.0,35.4,90.8,59.9,,,,,,,,,,,,,,,,,,,,,,18.42,100.0,,,490.0,Low,100.0
Halifax,Canada,North America,164.7,92.7,59.0,66.3,67.5,9.5,31.4,24.1,59.0,6.895000000000001,4.9430000000000005,3.624,2.2840000000000003,1.5699999999999998,5.402750000000001,8.966,7.188500000000001,7.885666666666666,5.42,7.618499999999999,5.8405000000000005,7.2745000000000015,6.123500000000001,3.942,7.853499999999999,4.023,100.0,2744.940635756855,2015,100.0,66.7,100.0,,,,,
Hamburg,Germany,Europe,178.9,116.7,57.5,74.9,67.4,11.5,33.0,29.1,82.8,5.944500000000001,4.904,5.793999999999999,4.197,5.685000000000001,5.8265,9.072333333333331,6.4590000000000005,8.129999999999999,4.306500000000001,8.123999999999999,5.373500000000001,3.9035,5.560499999999999,6.3525,7.162999999999999,5.088,100.0,2478.3616537552857,2015,100.0,63.22,100.0,,,598.0,High,100.0
Hannover, Germany,Europe,,,,,,,,,,7.754000000000001,6.000000000000001,1.0,0.0,5.646,6.5497499999999995,9.072333333333331,7.352500000000002,8.133666666666667,4.834,9.13125,5.373500000000001,3.9035,5.666,3.5255,7.266,4.2665,,2575.4240145994972,2015,93.33333333333333,57.96,100.0,,,598.0,High,100.0
Havana, Cuba,North America,,,,,,,,,,9.089,7.607999999999999,1.4975000000000005,0.0,1.919,0.0,1.643333333333333,8.6335,6.999666666666665,0.0,3.86225,2.5495000000000005,0.5,1.703,2.0700000000000003,8.7595,5.0225,,0.0,2015,100.0,40.0,100.0,,,520.0,Moderate,100.0
Helsinki,Finland,Europe,196.9,111.7,75.5,80.0,66.3,10.8,25.3,12.7,62.8,5.396000000000001,4.121,5.683,5.507,4.7505,5.77925,9.450666666666669,8.674000000000001,7.953666666666665,5.4544999999999995,9.301,3.921,4.8785,5.1034999999999995,7.054500000000001,7.501500000000001,4.797999999999999,100.0,2879.2897837414816,2015,100.0,84.3,100.0,1858.0,100.0,590.0,High,100.0
Ho Chi Minh City, Vietnam,Asia,,,,,,,,,,8.618,8.844000000000001,4.93,1.7390000000000003,2.08,5.1835,4.101666666666666,6.767500000000001,5.540333333333333,4.116499999999999,1.4197499999999998,4.8345,5.045,4.565,5.874000000000001,5.943499999999999,1.2575,,472.46490322512926,2015,100.0,24.48,100.0,2489.0,100.0,498.0,Low,100.0
Hong Kong, Hong Kong,Asia,,,,,,,,,,1.0,4.967,8.343,8.314,3.679,5.54025,9.294333333333334,9.3505,4.154000000000001,9.711,4.53325,6.4825,8.380499999999998,6.2275,7.0585,7.152000000000001,5.796,,,,,64.18,100.0,,,549.0,Moderate,100.0
Hong Kong,HongKong(China),,134.5,109.3,78.4,66.0,70.8,30.0,41.9,67.0,83.6,,,,,,,,,,,,,,,,,,,,,,,,,,455.0,Low,90.0
Honolulu, Hawaii,North America,,,,,,,,,,2.3415000000000004,2.867,4.1335,0.0,1.983,4.1617500000000005,8.671,6.8565000000000005,6.430999999999997,4.2805,6.094000000000001,6.5145,4.204,6.158,7.622999999999999,7.774000000000001,5.917500000000001,,,,,,,,,,,
Houston,UnitedStates,,171.8,162.9,36.4,69.3,65.1,2.5,41.6,57.1,85.5,,,,,,,,,,,,,,,,,,,,,,,,,,,,
Houston, Texas,North America,,,,,,,,,,5.224500000000001,6.162,7.9345,4.474,4.338500000000001,4.03075,8.671,3.1289999999999996,6.379,4.928,5.304500000000001,6.5145,4.772,6.248499999999999,7.144,5.34,5.385999999999999,,,,,,,,,,,
Hyderabad,India,Asia,150.6,127.2,56.8,65.3,22.8,5.0,42.4,76.1,73.5,10.0,10.0,8.724499999999999,3.585,3.841,4.632000000000001,3.617999999999999,8.1265,3.957333333333333,0.0,2.8405000000000005,5.5565,3.4145,5.540000000000001,4.271,4.132499999999999,3.2085000000000004,100.0,492.5038829665189,2015,100.0,12.28,100.0,,,490.0,Low,100.0
Indianapolis, Indiana,North America,,,,,,,,,,6.266,5.478,5.503,3.96,1.6815000000000002,4.85875,8.671,3.968,6.151333333333332,3.6245,6.1605,6.5145,4.062,5.875500000000001,7.299,6.869999999999999,3.965,,,,,,,,,,,
Innsbruck, Austria,Europe,,,,,,,,,,6.708,4.732,2.1254999999999997,0.0,5.569500000000001,6.3740000000000006,7.596,8.273,7.884666666666666,4.33,7.366,4.663,2.666,5.0595,4.4245,8.485499999999998,3.9635,,0.0,2015,100.0,65.86,100.0,,,600.0,Very high,100.0
Islamabad,Pakistan,,130.8,36.2,68.8,64.9,21.5,21.7,36.5,41.3,76.9,,,,,,,,,,,,,,,,,,,292.8644317096505,2015,100.0,15.65,100.0,,,493.0,Low,100.0
Istanbul,Turkey,Asia,113.7,49.4,52.2,70.0,39.1,16.1,51.4,68.1,93.0,9.1375,8.787,6.9535,2.111,5.8355,4.06575,5.948333333333333,6.8935,6.839999999999998,2.1525,3.40475,4.093500000000001,4.323499999999999,3.5005,10.0,3.8925,5.7435,100.0,,,,24.15,100.0,2218.0,100.0,497.0,Low,100.0
Izmir,Turkey,,143.2,54.3,67.6,73.1,37.9,9.9,39.9,60.3,96.9,,,,,,,,,,,,,,,,,,,447.5140457323561,2015,100.0,18.78,100.0,,,497.0,Low,100.0
Jacksonville, Florida,North America,,,,,,,,,,6.450000000000001,5.359,4.3475,2.545,1.5674999999999997,1.40575,8.671,3.8255,6.199,3.6245,7.12025,6.5145,4.772,6.157500000000001,5.6545000000000005,5.6785000000000005,5.013,,,,,,,,,,,
Jakarta, Indonesia,Asia,,,,,,,,,,8.671,8.471,5.649500000000001,6.437,2.4885000000000006,3.640000000000001,4.028666666666666,7.0005,4.183999999999999,1.0275,2.4857500000000003,4.657500000000001,6.266,4.498999999999999,8.146,2.0665,7.202000000000001,,453.05247153761593,2015,100.0,22.69,100.0,2983.3,100.0,468.0,Low,100.0
Jeddah,SaudiArabia,,165.9,126.4,73.7,60.4,45.7,3.7,30.5,66.5,66.2,,,,,,,,,,,,,,,,,,,,,,,,,,417.0,Very low,95.65217391304348
Johannesburg, South Africa,Africa,,,,,,,,,,8.012,7.575000000000001,4.937499999999999,1.467,3.2030000000000003,3.91575,4.732,5.165500000000001,3.6486666666666663,0.7585,4.325500000000001,2.7680000000000007,5.151,2.8375,4.4014999999999995,3.6605,2.9560000000000004,,1218.3136747582344,2015,100.0,34.22,100.0,3124.4,100.0,594.0,High,100.0
Johannesburg,SouthAfrica,,140.3,110.8,19.2,60.2,38.4,2.7,40.9,61.7,91.4,,,,,,,,,,,,,,,,,,,,,,,,,,594.0,High,95.65217391304348
Kansas City, Missouri,North America,,,,,,,,,,6.7075,5.844,2.793999999999999,3.5380000000000007,1.869,1.9725000000000004,8.671,4.422500000000001,6.4496666666666655,3.6245,7.9765,6.5145,4.062,8.188500000000001,6.674500000000001,5.0205,4.161500000000001,,,,,,,,,,,
Karlsruhe, Germany,Europe,,,,,,,,,,7.764499999999998,5.294,2.994,1.299,4.7985,4.905499999999999,9.072333333333331,6.858,8.412,5.2075000000000005,7.7675,5.373500000000001,3.9035,4.5945,3.9865,8.337,4.588500000000001,,2785.280654602189,2015,100.0,63.22,100.0,,,598.0,High,100.0
Kathmandu, Nepal,Asia,,,,,,,,,,10.0,9.445,3.2110000000000003,0.0,1.041,5.348999999999999,4.740333333333333,8.5055,4.115999999999999,0.0,1.0,4.496,5.513000000000002,2.201,5.039,9.129,3.798,,227.6927679796183,2015,100.0,23.07,100.0,,,520.0,Moderate,100.0
Kiev, Ukraine,Europe,,,,,,,,,,9.0845,9.817,4.0495,2.545,5.4875,5.16075,4.525333333333333,7.2555,4.850999999999999,0.5,3.6665,1.2755,5.478,6.041499999999999,8.419500000000001,6.827,5.348999999999999,,,,,,,,,535.0,Moderate,100.0
Kingston, Jamaica,North America,,,,,,,,,,8.8955,5.937,2.648000000000001,0.0,0.8145000000000001,4.926750000000001,6.567666666666668,5.5275,6.677999999999999,0.0,3.02025,1.8295,6.073499999999999,4.483499999999999,4.2780000000000005,2.8434999999999997,3.3460000000000005,,0.0,2015,100.0,45.47,100.0,,,,,
Knoxville, Tennessee,North America,,,,,,,,,,6.9754999999999985,6.447000000000001,3.5165,0.0,1.379,1.943,8.671,5.1295,6.421666666666667,4.212,3.72325,6.5145,4.772,7.092499999999999,4.495500000000001,5.4025,1.7525,,,,,,,,,,,
Kolkata,India,,106.6,69.0,54.0,59.8,21.1,8.2,59.4,78.4,60.9,,,,,,,,,,,,,,,,,,,395.3363020255845,2015,100.0,14.74,100.0,2107.5,100.0,490.0,Low,100.0
Krakow (Cracow),Poland,Europe,141.6,90.4,74.3,58.3,43.8,12.5,31.6,70.4,73.9,8.4245,8.509,4.534000000000001,2.11,2.9285000000000005,5.629,5.7043333333333335,8.521500000000001,6.853999999999999,4.6625000000000005,4.802,4.7615,5.0969999999999995,5.7875,7.839999999999999,4.592000000000001,4.3085,100.0,865.3161916379883,2015,100.0,,,,,588.0,High,100.0
Kuala Lumpur,Malaysia,Asia,128.4,95.4,38.8,68.6,33.9,7.6,41.6,65.4,56.6,8.663499999999999,8.238,5.542,4.245,3.5620000000000003,4.37975,7.597333333333332,5.880999999999999,5.950333333333333,2.527,3.869999999999999,6.339,6.1265,5.4615,7.166,1.528,5.738500000000001,100.0,1016.205152534332,2015,100.0,22.79,100.0,,,566.0,High,100.0
Kuwait City,Kuwait,,136.2,124.1,70.2,57.8,43.3,9.4,34.5,71.1,20.2,,,,,,,,,,,,,,,,,,,1669.1494174208326,2015,100.0,52.13,100.0,,,456.0,Low,100.0
Kyoto, Japan,Asia,,,,,,,,,,3.765,0.0,1.3025,0.0,6.7945,2.5,8.389666666666667,10.0,9.078666666666669,6.241,6.435,3.7235,6.0329999999999995,3.712,8.153500000000001,7.663,1.6465,,,,,44.67,100.0,,,454.0,Low,100.0
La Paz, Bolivia,South America,,,,,,,,,,4.724,0.0,1.4975000000000005,0.0,1.3190000000000002,3.834249999999999,3.4819999999999993,6.750500000000001,4.315999999999999,0.0,1.73375,4.536,4.5489999999999995,1.548,1.525,6.292999999999999,5.499999999999999,,589.1271073154146,2015,100.0,20.97,100.0,2288.9,100.0,525.0,Moderate,100.0
Lagos, Nigeria,Africa,,,,,,,,,,7.767,9.098,6.4335,2.5100000000000007,1.7479999999999998,3.56475,3.255666666666666,5.999499999999999,2.862333333333333,0.0,1.90725,5.061,6.2155000000000005,1.634,1.3585,1.406,3.8245,,204.686315856128,2015,100.0,45.03,100.0,1845.4,100.0,557.0,High,100.0
Las Palmas de Gran Canaria, Spain,Europe,,,,,,,,,,8.232000000000001,7.717,1.5835,0.0,4.323499999999999,0.0,7.1196666666666655,9.1545,9.214333333333332,3.759000000000001,6.860499999999999,4.296,3.894000000000001,6.195500000000001,2.8145,9.7185,5.5375000000000005,,0.0,2015,100.0,,,,,538.0,Moderate,100.0
Las Vegas, Nevada,North America,,,,,,,,,,7.0009999999999994,5.7589999999999995,7.515,2.022,3.5285,4.807499999999999,8.671,2.385,5.6353333333333335,3.6245,5.556500000000001,6.5145,4.772,5.3035,6.3685,7.275,5.385,,,,,,,,,,,
Las Vegas,UnitedStates,,161.4,142.4,44.5,54.1,68.5,3.3,27.4,52.1,57.4,,,,,,,,,,,,,,,,,,,,,,,,,,,,
Lausanne, Switzerland,Europe,,,,,,,,,,4.0755,1.0,3.822,3.308,6.5145,5.85825,8.888,8.032499999999999,7.351999999999999,6.622,8.809750000000001,6.552,6.4285000000000005,4.146,4.222,8.4535,5.337999999999999,,6755.2446824566605,2015,100.0,117.53,100.0,,,550.0,High,100.0
Leeds, United Kingdom,Europe,,,,,,,,,,6.811,5.3629999999999995,3.3605,4.423,6.595000000000001,5.1057500000000005,8.991999999999999,7.731,8.633666666666667,4.9825,5.922000000000001,5.438,5.9545,7.3295,3.7435,7.214,1.2955,,2448.5287653218784,2015,100.0,61.5,100.0,,,,,
Leipzig, Germany,Europe,,,,,,,,,,8.177,5.9110000000000005,2.7065,0.0,4.337,6.01375,9.072333333333331,7.277000000000001,7.300333333333332,4.306500000000001,9.03275,5.373500000000001,3.9035,5.646500000000001,4.5264999999999995,7.1935,4.747000000000001,,1880.792108687817,2015,100.0,52.69,100.0,,,598.0,High,100.0
Lille, France,Europe,,,,,,,,,,7.532000000000001,5.399000000000001,3.2585,2.381,6.020000000000001,2.29375,8.088333333333333,6.942,9.071,4.3934999999999995,4.2395,4.2045,2.648000000000001,3.826999999999999,5.1095000000000015,7.202999999999999,2.2925000000000004,,0.0,2015,100.0,52.69,100.0,,,524.0,Moderate,100.0
Lima, Peru,South America,,,,,,,,,,8.712,8.496,3.8835,1.65,2.012,4.7589999999999995,5.001666666666667,5.2905,5.710666666666665,0.5,2.48075,3.1625000000000005,6.524,2.41,6.8085,6.0805,5.388000000000001,,447.17149606992535,2015,100.0,22.19,100.0,1230.0,100.0,519.0,Moderate,100.0
Limassol,Cyprus,,148.3,76.3,62.8,51.3,57.0,10.4,20.6,59.5,95.7,,,,,,,,,,,,,,,,,,,1536.4506209264573,2015,100.0,63.22,100.0,,,558.0,High,100.0
Lisbon,Portugal,Europe,155.0,55.7,70.2,73.5,49.0,19.1,34.6,35.0,98.6,6.734000000000001,7.004000000000001,6.022,3.194,4.191000000000001,5.31575,8.238666666666665,8.438,7.860333333333332,4.48,6.4115,3.483,4.1575,6.394000000000001,7.833500000000001,9.597,5.690999999999999,100.0,1144.7841421736505,2015,100.0,52.69,100.0,2806.0,100.0,605.0,Very high,100.0
Liverpool, United Kingdom,Europe,,,,,,,,,,7.485,6.02,3.5589999999999993,2.355,6.649500000000001,4.5409999999999995,8.991999999999999,7.7285,9.027666666666669,4.872,7.275250000000001,5.438,5.9545,8.994,5.393,7.451,5.458500000000001,,2270.1372524982858,2015,100.0,79.95,100.0,,,,,
Ljubljana,Slovenia,Europe,176.9,80.2,78.9,67.0,51.5,13.6,26.0,22.5,76.1,8.214000000000002,6.749000000000001,4.088000000000001,1.2300000000000002,2.293,5.69875,7.676666666666666,8.953,7.671666666666668,4.851999999999999,8.661750000000001,4.7205,4.8100000000000005,5.4895000000000005,4.7989999999999995,8.184000000000001,1.8225,100.0,1331.0746766959037,2015,100.0,44.26,100.0,1974.0,100.0,,,
London, United Kingdom,Europe,,,,,,,,,,1.0,3.94,10.0,9.859,9.4025,5.3955,8.991999999999999,7.243500000000001,8.017999999999999,9.027,5.547750000000001,5.438,5.9545,5.8455,9.4555,6.573,5.374499999999999,,3493.5165911949216,2015,100.0,,,1633.0,100.0,,,
London,UnitedKingdom,,142.8,115.3,45.4,70.0,78.7,14.3,45.2,58.0,88.3,,,,,,,,,,,,,,,,,,,,,,,,,,,,
Los Angeles, California,North America,,,,,,,,,,1.5275,4.556000000000001,10.0,10.0,3.9585,3.677000000000001,8.574666666666667,5.705,6.027333333333332,8.6245,4.7315000000000005,6.5145,4.7675,5.496500000000001,9.196,6.959999999999999,6.747,,,,,,,,,,,
Los Angeles,UnitedStates,,139.9,122.9,47.0,61.3,80.9,7.3,57.1,67.7,95.5,,,,,,,,,,,,,,,,,,,,,,,,,,,,
Louisville, Kentucky,North America,,,,,,,,,,7.258,6.358000000000001,4.254,2.293,1.473,1.954,8.671,3.6175,6.162333333333332,3.6245,6.601249999999999,6.5145,4.062,5.526999999999999,5.6935,5.778499999999999,1.3,,,,,,,,,,,
Luxembourg,Luxembourg,Europe,220.6,175.9,71.4,76.6,62.0,9.2,27.7,21.6,82.6,2.4530000000000003,3.411,3.307500000000001,1.8990000000000005,4.5805,5.8445,7.856666666666666,8.627999999999998,8.220333333333333,3.4795,8.57625,7.473000000000001,7.151,5.458,4.495500000000001,8.8045,1.475,100.0,4434.698092517159,2015,100.0,89.57,100.0,1634.0,90.0,576.0,High,100.0
Lviv,Ukraine,Europe,130.0,44.5,61.8,61.0,25.8,15.2,32.1,48.8,69.6,9.778,10.0,4.204,0.0,3.7615,5.485250000000001,4.525333333333333,7.822,4.869999999999999,0.0,4.82525,1.2755,5.478,5.055999999999999,7.0585,6.715999999999999,4.436000000000001,100.0,381.1189418241006,2015,100.0,20.4,100.0,,,535.0,Moderate,100.0
Lyon, France,Europe,,,,,,,,,,6.697000000000001,4.349,4.4995,3.083,5.963000000000001,5.18525,8.088333333333333,7.134499999999999,8.641666666666666,4.5805,6.54325,4.2045,2.648000000000001,9.403,5.987500000000001,6.5169999999999995,5.373500000000001,,,,,63.22,100.0,2002.0,100.0,524.0,Moderate,100.0
Madison, Wisconsin,North America,,,,,,,,,,5.8294999999999995,6.173,4.017,2.9130000000000003,1.2295,5.473750000000001,8.671,7.362000000000001,7.006999999999999,5.385999999999999,9.524,6.5145,4.204,4.9925,4.422000000000001,7.9005,4.3759999999999994,,,,,,,,,,,
Madrid,Spain,Europe,179.8,92.6,72.8,79.3,53.2,10.6,26.6,36.9,85.5,6.414000000000001,6.2490000000000006,0.0,4.79,5.8555,5.285750000000001,7.1196666666666655,7.7925,8.916333333333332,4.291500000000001,5.5655,4.296,3.894000000000001,6.241,9.338,7.665000000000001,6.22,100.0,1759.0099115026355,2015,100.0,52.69,100.0,2769.0,100.0,538.0,Moderate,100.0
Malaga, Spain,Europe,,,,,,,,,,8.0515,7.375,2.4585,0.0,4.3605,5.78275,7.1196666666666655,7.693,8.655666666666667,3.759000000000001,8.108250000000002,4.296,3.894000000000001,6.1895,6.389,7.5005,5.784000000000001,,1714.843115031163,2015,100.0,47.42,100.0,,,538.0,Moderate,100.0
Malmo, Sweden,Europe,,,,,,,,,,7.263000000000001,5.57,3.645,2.683,4.7675,5.646750000000001,9.568999999999996,6.598000000000001,8.215,3.893,9.2055,5.694499999999999,2.7495000000000003,8.219999999999999,2.3445,5.304,4.524,,,,,77.47,100.0,,,608.0,Very high,100.0
Managua, Nicaragua,North America,,,,,,,,,,4.7855,0.0,1.866,0.0,0.6075,0.0,4.600333333333333,7.774500000000001,6.403666666666666,0.0,3.3405,3.9395,3.2544999999999997,1.177,1.837,9.239,1.4335,,0.0,2015,100.0,30.0,100.0,2759.9,100.0,502.0,Moderate,100.0
Manchester,UnitedKingdom,,153.4,103.2,44.7,74.4,65.7,7.3,39.0,53.3,86.9,,,,,,,,,,,,,,,,,,,,,,,,,,,,
Manchester, United Kingdom,Europe,,,,,,,,,,6.455500000000001,5.049000000000001,5.769500000000001,4.908,6.397500000000001,4.728,8.991999999999999,6.7725,8.518999999999998,5.652,4.363,5.438,5.9545,5.814,4.9750000000000005,6.6770000000000005,3.676,,2585.0377653485525,2015,100.0,73.8,100.0,1265.0,100.0,,,
Manila, Philippines,Asia,,,,,,,,,,8.5955,8.751999999999999,4.805,3.547,2.6345,3.713,4.592333333333334,6.4345,4.297666666666667,0.0,1.683,5.006499999999999,4.303,4.608,7.584,5.503,4.8255,,459.61433894976426,2015,100.0,28.71,100.0,2103.1,100.0,570.0,High,100.0
Marseille, France,Europe,,,,,,,,,,7.5885,6.026000000000002,3.3095000000000003,2.843,5.950500000000001,5.86075,8.088333333333333,5.252,8.843666666666666,4.442,3.942,4.2045,2.648000000000001,5.5425,5.443000000000001,6.1735,5.1835,,0.0,2015,100.0,63.22,100.0,2836.0,100.0,524.0,Moderate,100.0
Medellin,Colombia,South America,119.5,34.7,46.4,78.4,31.2,17.5,38.7,63.3,99.8,9.2315,9.315,4.618,0.0,0.928,5.3545,6.348666666666665,7.477,6.790666666666666,1.531,6.17075,4.5945,1.8515000000000004,4.1485,5.029,9.302,3.662,100.0,326.12040673460297,2015,100.0,18.88,100.0,1892.2,100.0,485.0,Low,100.0
Melbourne,Australia,Oceania,192.3,142.8,56.3,73.0,67.8,7.6,41.8,27.5,94.3,4.829999999999999,4.798000000000001,8.204,5.020000000000001,2.8465000000000003,4.872,9.399666666666668,7.1325,8.015999999999998,6.2204999999999995,7.891499999999999,6.0695000000000014,4.5885,5.896000000000001,6.461,7.0005,6.202999999999999,100.0,3413.780496309596,2015,100.0,81.55,100.0,2362.6,100.0,,,
Memphis, Tennessee,North America,,,,,,,,,,7.1145000000000005,5.829,4.449499999999999,0.0,1.6615000000000002,1.9175,8.671,2.8585000000000003,4.951333333333333,3.6245,4.545249999999999,6.5145,4.772,6.07,6.860499999999999,4.040500000000001,3.5694999999999997,,,,,,,,,,,
Mexico City, Mexico,North America,,,,,,,,,,8.360000000000001,9.244,7.479999999999999,2.6340000000000003,2.87,3.806,5.760999999999998,5.464000000000001,6.379999999999999,1.713,2.5062500000000005,3.5005,4.333500000000001,5.8405000000000005,9.962,7.089,3.914,,637.4650870193541,2015,100.0,39.97,100.0,2555.0,100.0,459.0,Low,100.0
Miami,UnitedStates,,158.6,105.1,47.3,63.6,77.0,6.0,42.9,38.9,85.7,,,,,,,,,,,,,,,,,,,,,,,,,,,,
Miami, Florida,North America,,,,,,,,,,3.0309999999999997,4.497,8.0225,5.055,4.1690000000000005,4.0527500000000005,8.671,4.321,6.031,4.3945,6.292,6.5145,4.772,5.824,6.7675,6.043500000000001,5.3845,,,,,,,,,,,
Milan,Italy,Europe,116.7,60.4,48.7,71.5,67.4,20.3,35.8,67.2,88.1,5.194500000000001,4.801000000000001,5.190499999999999,3.286,6.683,5.5120000000000005,6.189666666666666,7.378000000000001,8.444666666666667,4.283,4.458,3.3625,2.4365,5.013999999999999,7.917000000000001,7.2195,5.641,100.0,1859.0792577226753,2015,100.0,84.3,100.0,1915.0,100.0,528.0,Moderate,100.0
Milwaukee, Wisconsin,North America,,,,,,,,,,6.1225,5.526,4.8305,2.005,1.5875,4.915000000000001,8.671,4.267,6.082333333333333,4.177,7.989000000000001,6.5145,4.204,4.346,6.8375,4.844,5.064000000000001,,,,,,,,,,,
Minneapolis-Saint Paul, Minnesota,North America,,,,,,,,,,4.738500000000001,5.042000000000001,6.5264999999999995,5.5230000000000015,3.544,4.924999999999999,8.671,5.085000000000001,6.680999999999999,5.2745,8.362,6.5145,4.062,6.258499999999999,6.8505,7.288,5.095999999999999,,,,,,,,,,,
Minsk,Belarus,Europe,130.0,59.5,48.2,49.0,27.8,11.9,31.2,43.0,64.4,9.4955,9.289,4.3785,0.0,3.7664999999999993,5.365500000000001,5.596333333333332,9.038,5.5106666666666655,0.5,7.04825,3.204,5.926,4.863,6.949999999999999,7.4215,4.906000000000001,100.0,451.0129514802368,2015,100.0,47.5,100.0,1807.0,100.0,539.0,Moderate,100.0
Monterrey,Mexico,,127.5,59.5,51.8,69.0,48.2,8.3,31.8,71.2,80.4,,,,,,,,,,,,,,,,,,,596.20567454506,2015,100.0,41.26,100.0,2239.0,100.0,459.0,Low,100.0
Montevideo,Uruguay,South America,141.2,63.3,44.0,68.5,54.1,9.3,40.1,47.2,98.0,8.183000000000002,6.197,2.863,2.205,1.183,5.288,7.943999999999997,5.9735000000000005,6.654999999999999,1.6900000000000002,4.545,4.416,4.8285,2.1785,4.9465,9.71,5.1785,100.0,600.6966385585729,2015,100.0,52.45,100.0,2481.4,100.0,538.0,Moderate,100.0
Montreal,Canada,North America,158.0,102.4,67.6,62.5,62.9,10.6,39.7,33.7,52.4,7.392000000000001,5.948,8.102500000000001,5.773000000000001,3.443,5.107,8.966,7.822,7.395,7.299000000000001,7.7215,5.8405000000000005,7.2745000000000015,4.478000000000001,6.9174999999999995,8.193,5.303,100.0,2391.453566851444,2015,100.0,66.7,100.0,2051.0,100.0,,,
Moscow,Russia,Europe,123.5,76.5,64.2,67.1,38.9,18.8,50.4,55.2,55.8,6.555000000000001,8.099,5.053,3.704999999999999,9.0545,4.546250000000001,5.386666666666667,7.478,4.763,4.5725,5.27475,3.148,6.017000000000001,6.571,8.875499999999999,3.4750000000000005,5.090000000000002,100.0,1011.6189814631114,2015,100.0,64.0,100.0,1901.0,100.0,532.0,Moderate,100.0
Mumbai, India,Asia,,,,,,,,,,8.124,9.825,9.853000000000002,6.179,5.414,3.94,3.617999999999999,7.618500000000001,3.802333333333334,0.5275,2.0965,5.5565,3.4145,3.429,4.968499999999999,3.839,5.792000000000001,,620.9820416475259,2015,100.0,18.42,100.0,2583.5,100.0,490.0,Low,100.0
Munich,Germany,Europe,186.3,111.7,79.7,77.4,67.8,15.6,30.8,25.0,76.0,4.23,4.648,6.915,6.509,8.056500000000002,6.013999999999999,9.072333333333331,9.049,8.370999999999999,7.554499999999999,9.018250000000002,5.373500000000001,3.9035,5.155000000000001,7.335999999999999,8.4745,7.331,100.0,3291.1291290764207,2015,100.0,65.86,100.0,,,598.0,High,100.0
Muscat,Oman,,185.4,98.1,80.6,64.2,42.8,4.6,19.9,35.1,67.2,,,,,,,,,,,,,,,,,,,1948.209060191961,2015,100.0,38.96,100.0,3493.3,100.0,421.0,Very low,100.0
Nairobi, Kenya,Africa,,,,,,,,,,8.8505,8.431999999999999,6.026,4.600999999999999,2.3145,4.069,3.246333333333333,5.9719999999999995,3.5983333333333327,0.5,3.1987500000000004,4.376999999999999,5.084,1.889,2.67,2.5789999999999997,4.0495,,439.4885634265878,2015,100.0,32.61,100.0,2492.3,100.0,581.0,High,100.0
Nantes, France,Europe,,,,,,,,,,7.7225,5.021,3.353,2.2300000000000004,4.989,5.997750000000001,8.088333333333333,7.6355,8.533333333333333,4.4045000000000005,7.323,4.2045,2.648000000000001,4.867,4.351000000000001,7.0555,2.6719999999999997,,0.0,2015,100.0,63.22,100.0,,,524.0,Moderate,100.0
Naples, Italy,Europe,,,,,,,,,,8.215,5.81,2.0405,0.0,3.9410000000000007,4.70575,6.189666666666666,6.389500000000002,7.186333333333332,4.058000000000001,1.65625,3.3625,2.4365,5.314000000000001,6.045,6.7535,5.359,,1375.0119687276629,2015,100.0,52.69,100.0,2375.0,100.0,528.0,Moderate,100.0
Nashville, Tennessee,North America,,,,,,,,,,4.4545,5.742000000000001,6.0600000000000005,3.569,1.9080000000000004,4.501,8.671,5.078,5.952999999999999,4.733,7.056499999999999,6.5145,4.772,6.6370000000000005,7.0200000000000005,6.807500000000001,1.2735,,,,,,,,,,,
New Orleans, Louisiana,North America,,,,,,,,,,5.339,4.991999999999999,4.7365,1.21,1.757,4.6274999999999995,8.671,2.088,5.8839999999999995,4.151999999999999,5.674,6.5145,4.346,6.453000000000001,7.1985,5.1240000000000006,1.0,,,,,,,,,,,
New York,UnitedStates,,132.6,100.0,49.2,62.7,100.0,13.0,43.6,58.3,79.7,,,,,,,,,,,,,,,,,,,,,,,,,,,,
New York, New York,North America,,,,,,,,,,1.0,2.342,10.0,10.0,6.675,5.5192499999999995,8.671,7.022,6.105333333333332,8.0935,5.233749999999999,6.5145,3.9205,7.0985,10.0,6.7125,5.7475,,,,,,,,,,,
Nice, France,Europe,,,,,,,,,,6.4985,4.475,3.0974999999999997,2.603,6.46,6.051,8.088333333333333,7.234,8.329666666666665,4.4045000000000005,6.423,4.2045,2.648000000000001,6.4719999999999995,4.7795,6.467499999999999,5.5265,,2037.4671277503023,2015,100.0,76.4,100.0,2760.5,100.0,524.0,Moderate,100.0
Nicosia, Cyprus,Europe,,,,,,,,,,8.631,6.301,3.407,0.0,1.606,5.491250000000001,7.438666666666665,8.102500000000001,6.758666666666667,2.475,3.672,2.9955,7.507999999999999,2.6545,6.949,7.5055,1.7755,,,,,52.69,100.0,3314.1,100.0,558.0,High,100.0
Nizhny Novgorod,Russia,,147.3,52.2,71.8,74.5,30.2,16.1,27.1,32.6,45.5,,,,,,,,,,,,,,,,,,,,,,40.0,96.7741935483871,,,532.0,Moderate,100.0
Novi Sad,Serbia,,133.3,50.9,60.8,49.9,39.3,16.9,18.2,53.2,84.0,,,,,,,,,,,,,,,,,,,572.0057857130705,2015,100.0,25.14,100.0,,,568.0,High,100.0
Odessa (Odesa),Ukraine,,109.2,40.4,45.9,51.0,27.2,13.9,36.6,62.6,79.0,,,,,,,,,,,,,,,,,,,437.6597440083448,2015,100.0,,,,,535.0,Moderate,100.0
Oklahoma City, Oklahoma,North America,,,,,,,,,,7.261000000000001,6.394,4.1375,0.0,1.399,5.02725,8.671,4.6855,5.976666666666666,3.6245,7.61525,6.5145,4.204,7.689,5.376000000000001,6.022,4.129,,,,,,,,,,,
Omaha, Nebraska,North America,,,,,,,,,,7.040500000000001,5.994000000000001,4.0120000000000005,0.0,1.4165,2.1277500000000003,8.671,5.5520000000000005,6.893999999999999,4.128,7.876000000000001,6.5145,4.204,6.3065,4.942,5.800999999999999,4.181,,,,,,,,,,,
Orlando, Florida,North America,,,,,,,,,,5.778499999999999,5.284,6.5975,2.464,3.7734999999999994,4.33875,8.671,4.134,5.9673333333333325,3.6245,6.676,6.5145,4.772,4.886,5.9295,5.784000000000002,4.492999999999999,,,,,,,,,,,
Osaka, Japan,Asia,,,,,,,,,,7.8315,4.819,2.668,2.144,6.201499999999999,5.255000000000001,8.417666666666667,10.0,8.705333333333332,5.589499999999999,5.326750000000001,3.7235,6.0329999999999995,3.724,7.2265,7.189500000000001,5.1875,,0.0,2015,100.0,48.39,100.0,,,454.0,Low,100.0
Oslo,Norway,Europe,183.1,114.7,66.2,78.0,78.4,10.4,28.1,22.1,60.0,3.768,1.0380000000000005,5.2090000000000005,3.869,5.177,5.775250000000001,9.635333333333332,7.1065000000000005,7.909999999999998,5.144500000000001,8.42425,7.0735,4.752,7.9705,5.899,7.029999999999999,6.1895,100.0,3402.518936634306,2015,100.0,112.0,100.0,1668.0,100.0,610.0,Very high,100.0
Ottawa,Canada,North America,173.3,110.8,69.4,68.8,66.9,7.8,34.4,24.5,44.5,6.700499999999999,6.027,6.055,2.612,1.532,5.4052500000000006,8.966,8.4475,8.011333333333333,5.423500000000001,9.29225,5.8405000000000005,7.2745000000000015,6.267499999999999,6.0920000000000005,8.6295,5.318499999999999,100.0,2682.7162430172125,2015,100.0,63.0,100.0,,,,,
Oulu, Finland,Europe,,,,,,,,,,3.7445,0.0,2.3135000000000003,2.575,2.716,6.04075,9.450666666666669,8.458500000000003,7.7013333333333325,5.4544999999999995,8.933000000000002,3.921,4.8785,5.722999999999999,2.006,8.329000000000002,5.072,,0.0,2015,100.0,65.33,100.0,,,590.0,High,100.0
Oxford, United Kingdom,Europe,,,,,,,,,,3.65,4.941000000000001,4.551,3.843,7.926000000000001,5.95825,8.991999999999999,8.5685,7.970000000000001,6.638000000000001,7.553750000000001,5.438,5.9545,6.1545000000000005,5.495,8.258000000000001,2.6290000000000004,,2800.936617355158,2015,100.0,61.5,100.0,,,,,
Palo Alto, California,North America,,,,,,,,,,0.5,0.0,8.2945,9.623,3.1505000000000005,2.2027499999999995,8.671,7.637,6.515,3.6245,6.726500000000001,6.5145,4.488,7.142,0.0,8.454,1.7500000000000002,,,,,,,,,,,
Panama City,Panama,North America,116.5,43.6,52.8,58.8,47.6,11.5,32.8,61.4,67.8,3.1530000000000005,0.0,3.5589999999999993,0.0,2.002,0.0,6.208666666666667,6.976000000000001,6.593333333333334,0.0,4.38425,6.040500000000001,6.947500000000001,3.1900000000000004,5.5565,6.7855,4.8195,90.0,814.25,2015,100.0,52.5,100.0,1743.5,100.0,488.0,Low,100.0
Paris,France,Europe,132.0,97.5,42.3,77.3,73.6,17.5,41.3,64.5,88.4,3.5835,3.664,9.2765,7.513000000000001,10.0,5.330500000000001,8.088333333333333,6.2465,8.207666666666666,7.085,4.36225,4.2045,2.648000000000001,9.716,9.8165,5.579,4.433,100.0,2807.9002314207937,2015,100.0,63.22,100.0,1662.0,100.0,524.0,Moderate,100.0
Perth,Australia,Oceania,193.8,140.8,58.3,71.2,69.6,5.5,42.4,27.7,95.7,5.233,4.795,5.127000000000001,3.102,2.1104999999999996,4.695,9.399666666666668,7.1045,8.059333333333331,5.143,8.132500000000002,6.0695000000000014,4.5885,4.1785,4.5115,7.470500000000001,5.6835,100.0,3221.909062304182,2015,100.0,67.96,100.0,3229.5,100.0,,,
Philadelphia, Pennsylvania,North America,,,,,,,,,,4.207,4.422000000000001,7.3625,5.215999999999999,3.5559999999999996,4.1315,8.671,3.1329999999999996,6.482666666666664,6.0285,5.1240000000000006,6.5145,3.7785,7.443,8.492,5.864500000000001,4.115,,,,,,,,,,,
Phnom Penh, Cambodia,Asia,,,,,,,,,,8.552000000000001,8.001000000000001,1.4975000000000005,0.0,1.2395,4.68,1.0,6.684,2.984,0.0,2.4482500000000003,5.379999999999999,7.984000000000001,3.3949999999999996,5.407,6.030500000000001,3.4330000000000007,,308.3333333333333,2015,100.0,30.0,100.0,,,408.0,Very low,100.0
Phoenix,UnitedStates,,163.0,148.8,46.3,67.2,68.5,3.0,33.0,57.1,53.8,,,,,,,,,,,,,,,,,,,,,,,,,,,,
Phoenix, Arizona,North America,,,,,,,,,,6.5329999999999995,6.208,6.508500000000001,4.558,3.3025,4.828500000000001,8.671,2.5829999999999997,6.126333333333331,4.590999999999999,4.625249999999999,6.5145,4.488,6.178,6.8100000000000005,5.5649999999999995,6.7355,,,,,,,,,,,
Phuket, Thailand,Asia,,,,,,,,,,8.823,7.602000000000001,2.2445,0.0,1.8075,4.50425,5.6036666666666655,5.7285,6.653666666666665,1.187,3.62425,2.387,6.794500000000001,3.615,4.8134999999999994,5.156000000000001,4.6259999999999994,,0.0,2015,100.0,28.8,100.0,,,415.0,Very low,100.0
Pittsburgh, Pennsylvania,North America,,,,,,,,,,5.963500000000002,4.795,6.5075,3.5809999999999995,1.7379999999999998,4.308,8.671,4.791,6.399666666666666,6.5935,6.874250000000001,6.5145,3.7785,8.669500000000001,6.859,7.390000000000001,4.0685,,,,,,,,,,,
Portland, Maine,North America,,,,,,,,,,0.0,0.0,3.637000000000001,0.0,1.102,1.97025,8.671,6.358499999999999,5.174666666666666,3.6245,7.6755,6.5145,4.062,3.5465,3.3049999999999997,8.270999999999999,4.978,,,,,,,,,,,
Portland,UnitedStates,,186.3,140.2,43.0,71.5,78.4,3.6,33.3,32.4,89.6,,,,,,,,,,,,,,,,,,,,,,,,,,,,
Portland, Oregon,North America,,,,,,,,,,4.138,4.924,6.957,5.899,2.2405,4.9079999999999995,8.671,5.1805,6.317666666666667,4.2155,8.4595,6.5145,3.9205,5.968500000000001,6.2195,8.1595,6.303999999999999,,,,,,,,,,,
Porto,Portugal,Europe,177.3,61.0,67.6,79.4,45.6,11.3,24.5,25.0,96.6,8.109500000000002,7.422000000000001,4.313000000000001,1.886,3.1115,5.460000000000001,8.238666666666665,7.704500000000001,8.166666666666666,4.449,7.03875,3.483,4.1575,4.4945,5.625,9.5735,5.9485,100.0,918.6270772943094,2015,100.0,42.15,100.0,2468.0,100.0,605.0,Very high,100.0
Porto Alegre, Brazil,South America,,,,,,,,,,9.221000000000002,8.120000000000001,2.6704999999999997,0.0,0.9655,5.105,2.781,5.2955,5.56,1.017,4.13975,2.187,2.8525,2.196,7.7035,7.448,4.922499999999999,,359.9637325556397,2015,100.0,,,2101.4,100.0,466.0,Low,100.0
Poznan,Poland,,151.6,90.8,71.7,57.0,41.3,9.3,32.5,59.2,77.4,,,,,,,,,,,,,,,,,,,760.3868707563147,2015,100.0,33.81,100.0,,,588.0,High,100.0
Prague, Czechia,Europe,,,,,,,,,,7.4305,7.569,5.7795000000000005,2.302,5.4815000000000005,5.846500000000001,6.2126666666666654,8.6595,7.8809999999999985,4.238,7.0142500000000005,4.378000000000001,5.9335,6.0905,8.464500000000001,8.1985,4.901000000000001,,,,,,,,,567.0,High,100.0
Prague,CzechRepublic,,168.2,85.1,75.5,74.7,49.4,17.2,31.8,33.5,80.7,,,,,,,,,,,,,,,,,,,,,,,,,,,,
Pretoria,SouthAfrica,,149.6,118.8,18.1,66.3,35.3,2.0,45.0,56.0,95.8,,,,,,,,,,,,,,,,,,,,,,,,,,594.0,High,95.65217391304348
Providence, Rhode Island,North America,,,,,,,,,,3.1530000000000005,0.0,3.764,1.0,3.0185,2.422,8.671,6.846,6.515,5.3015,5.900499999999999,6.5145,4.204,8.9345,3.9185000000000008,7.49,1.084,,,,,,,,,,,
Pune,India,,164.5,155.2,59.0,65.7,24.1,6.1,44.1,71.3,74.3,,,,,,,,,,,,,,,,,,,503.6844944663752,2015,100.0,14.74,100.0,,,490.0,Low,100.0
Quebec, Canada,Europe,,,,,,,,,,8.5175,6.037,3.7345000000000006,2.237,1.3815000000000002,5.279999999999999,8.966,9.1595,8.131333333333334,5.42,7.3155,5.8405000000000005,7.2745000000000015,3.2985,5.636500000000001,8.622,4.718999999999999,,2500.3253766599064,2015,90.0,59.29,90.0,,,,,
Quito,Ecuador,South America,115.8,40.3,37.0,70.1,34.6,13.0,40.1,65.1,99.0,9.0165,7.822,2.857500000000001,0.0,0.8900000000000001,4.789250000000001,3.021333333333333,6.968999999999999,6.406333333333332,0.0,4.1762500000000005,3.8855,7.513999999999999,3.4815,4.8015,8.826499999999998,5.499999999999999,100.0,473.6842105263158,2015,100.0,42.5,100.0,2238.0,100.0,465.0,Low,100.0
Raleigh, North Carolina,North America,,,,,,,,,,6.128500000000001,5.610000000000001,5.497,5.157000000000002,1.757,4.78425,8.671,6.5225,6.677333333333333,7.1165,8.583750000000002,6.5145,4.062,7.9515,6.6129999999999995,7.562000000000001,3.3905000000000003,,,,,,,,,,,
Reykjavik,Iceland,Europe,193.8,104.9,75.8,68.6,83.9,7.3,21.2,15.1,68.8,2.7715,1.0,3.1679999999999997,2.875,1.1349999999999998,5.475,9.36,8.658,8.078999999999999,4.057,8.62375,5.2829999999999995,4.4655000000000005,6.742,5.0205,9.565,4.8035000000000005,100.0,2924.623362579567,2015,100.0,106.31,100.0,1326.0,100.0,,,
Richmond, Virginia,North America,,,,,,,,,,6.439500000000002,5.949,4.2705,2.097,1.38,5.648499999999999,8.671,3.3765,6.4883333333333315,3.6245,6.6217500000000005,6.5145,4.204,7.645499999999999,6.3385,7.151,1.035,,,,,,,,,,,
Riga,Latvia,Europe,152.4,68.3,61.2,60.5,50.9,8.8,31.1,37.8,74.7,8.933000000000002,7.329,4.3505,1.358,2.3725,5.35275,7.363333333333333,7.6255,5.710000000000001,4.090999999999999,6.966,4.094500000000001,5.929,5.841000000000001,7.7065,6.884,5.5265,100.0,950.3298230204152,2015,100.0,52.69,100.0,1754.0,100.0,,,
Rio De Janeiro, Brazil,South America,,,,,,,,,,8.32,7.751,4.823,2.414,1.493,4.55325,4.036666666666666,5.2955,4.849666666666666,1.0175,3.32275,2.187,2.8454999999999995,2.338,8.6675,5.771500000000001,6.151999999999999,,345.04657919312587,2015,100.0,28.74,100.0,2187.3,100.0,466.0,Low,100.0
Riyadh,SaudiArabia,,167.3,138.9,74.5,64.7,49.8,2.8,32.5,63.3,44.4,,,,,,,,,,,,,,,,,,,,,,,,,,417.0,Very low,95.65217391304348
Riyadh, Saudi Arabia,Asia,,,,,,,,,,8.6965,7.806000000000001,3.6915,2.022,2.4604999999999997,4.75325,6.103999999999999,7.583000000000001,6.085666666666666,0.5035,3.3512500000000003,7.042,10.0,4.13,5.843500000000001,2.9090000000000007,0.5,,1854.0336995023847,2015,100.0,53.21,100.0,3224.8,100.0,417.0,Very low,100.0
Rochester, New York,North America,,,,,,,,,,6.727,5.4879999999999995,4.3355,1.505,1.398,1.90775,8.671,5.899,6.106,4.494999999999999,5.93525,6.5145,3.9205,5.551,5.335,5.9014999999999995,4.404,,,,,,,,,,,
Rome,Italy,Europe,137.8,78.7,50.7,63.4,54.4,14.8,37.9,54.6,93.7,5.6025,5.323,4.6745,1.013,6.4335,4.533250000000001,6.189666666666666,6.604500000000001,7.863666666666665,4.157000000000001,4.2764999999999995,3.3625,2.4365,4.491,9.11,6.2215,6.396000000000001,100.0,,,,73.76,100.0,2473.0,100.0,528.0,Moderate,100.0
Rotterdam,Netherlands,Europe,214.2,139.1,71.6,81.2,61.3,5.5,22.9,24.0,87.9,6.0440000000000005,4.934000000000001,4.4305,2.8299999999999996,8.1805,5.9670000000000005,8.836666666666666,8.268,8.329,4.306500000000001,7.08675,5.053000000000001,4.954999999999999,5.852500000000001,5.427499999999999,8.2805,4.280999999999999,100.0,,,,68.49,100.0,,,636.0,Very high,100.0
Saint Petersburg,Russia,Europe,115.7,62.6,61.5,61.3,34.2,16.2,48.5,61.3,60.6,8.3605,8.673,4.9825,0.0,5.8805,4.6259999999999994,5.547,7.793000000000001,4.951999999999999,4.282,4.324250000000001,3.148,6.0445,5.6425,9.6535,4.338,5.385,100.0,663.7746959974412,2015,100.0,,,,,532.0,Moderate,100.0
Salt Lake City, Utah,North America,,,,,,,,,,6.141000000000001,6.172000000000001,6.3,7.09,2.736999999999999,4.573999999999999,8.671,5.657,6.246333333333332,4.2805,6.21575,6.5145,4.204,6.810500000000001,5.932,8.6225,6.641000000000002,,,,,,,,,,,
San Antonio,UnitedStates,,176.6,133.5,52.2,67.9,64.5,5.3,31.7,43.9,80.6,,,,,,,,,,,,,,,,,,,,,,,,,,,,
San Antonio, Texas,North America,,,,,,,,,,6.402000000000001,6.683,5.356,3.53,1.6815000000000002,4.96475,8.671,4.2165,6.3069999999999995,4.151999999999999,6.201499999999999,6.5145,4.772,8.0745,6.6955,6.254,3.4185000000000003,,,,,,,,,,,
San Diego, California,North America,,,,,,,,,,2.9335,5.156000000000001,8.3505,8.595,2.6220000000000003,4.40975,8.671,6.933,6.519666666666666,5.4575,7.26725,6.5145,4.488,5.999,8.21,8.5395,6.396000000000002,,,,,,,,,,,
San Diego,UnitedStates,,187.6,142.3,59.6,67.9,79.8,6.5,35.2,39.8,97.1,,,,,,,,,,,,,,,,,,,,,,,,,,,,
San Francisco,UnitedStates,,167.6,162.1,38.5,64.5,90.5,7.3,49.8,50.0,97.3,,,,,,,,,,,,,,,,,,,,,,,,,,,,
San Francisco Bay Area, California,North America,,,,,,,,,,1.0,2.618,10.0,10.0,3.654500000000001,4.687250000000001,8.671,5.7155000000000005,6.448999999999999,8.6245,6.4815000000000005,6.5145,4.488,5.605500000000001,9.407,8.012500000000001,7.014,,,,,,,,,,,
San Jose, Costa Rica,North America,,,,,,,,,,8.1645,6.728000000000001,3.822,0.0,1.1915000000000002,3.834249999999999,5.949666666666666,6.7090000000000005,7.432666666666666,1.2095,5.256249999999999,4.081499999999999,5.751999999999999,1.5155000000000003,6.866500000000001,8.938500000000001,2.7855,,912.2570470892,2015,100.0,,,,,534.0,Moderate,100.0
San Juan, Puerto Rico,North America,,,,,,,,,,7.427500000000001,5.9799999999999995,1.4285,0.0,1.38,1.142,3.1729999999999996,5.121000000000001,4.363333333333333,0.0,4.493250000000001,0.0,4.3965000000000005,4.273499999999999,6.839500000000001,3.66,5.3245000000000005,,,,,,,2963.8,100.0,,,
San Luis Obispo, California,North America,,,,,,,,,,1.7245,0.0,3.828,3.077,1.134,1.3922499999999998,8.671,8.058,5.871333333333332,3.6245,7.392000000000001,6.5145,4.488,7.935500000000001,2.7765,9.666,1.5075000000000005,,,,,,,,,,,
San Salvador, El Salvador,North America,,,,,,,,,,8.8015,7.7429999999999986,1.6700000000000004,0.0,1.0595,4.6855,4.661333333333332,5.4025,5.558666666666666,0.0,1.00075,2.6590000000000003,5.5255,1.831,4.858499999999999,6.1274999999999995,1.9175,,420.0,2015,100.0,,,2957.0,100.0,513.0,Moderate,100.0
Santiago, Chile,South America,,,,,,,,,,8.3815,7.237,6.2305,1.0,2.5355,5.550999999999999,7.765,6.9645,7.066,2.6415000000000006,4.528,3.725,8.929499999999999,1.0,7.556000000000001,7.171500000000001,5.499999999999999,,625.9296500584649,2015,100.0,45.27,100.0,2807.9,100.0,525.0,Moderate,100.0
Santo Domingo, Dominican Republic,North America,,,,,,,,,,9.289,8.076000000000002,2.2274999999999996,0.0,1.003,4.56525,4.412999999999999,5.779,5.026000000000001,0.5,2.3805,6.1135,5.768,4.221,5.796500000000001,5.1095000000000015,3.4175,,311.452718020768,2015,100.0,36.56,100.0,,,503.0,Moderate,100.0
Sao Paulo, Brazil,South America,,,,,,,,,,8.316,7.823000000000001,6.6225000000000005,4.253000000000001,2.2655,4.412000000000001,2.781,5.2955,5.371999999999999,1.104,2.6535,2.187,2.8525,3.3895000000000004,8.789499999999999,6.8955,7.0775,,520.1157768416118,2015,100.0,38.32,100.0,1893.5,100.0,466.0,Low,100.0
Sarajevo,BosniaAndHerzegovina,,128.7,64.3,55.5,60.7,36.4,14.2,27.0,65.7,78.2,,,,,,,,,,,,,,,,,,,,,,,,,,,,
Sarajevo, Bosnia and Herzegovina,Europe,,,,,,,,,,9.6925,8.659,2.584,0.0,1.207,5.708000000000001,2.580333333333333,7.132999999999999,6.525666666666666,0.0,3.666,2.088,9.118,4.6475,5.9345,7.7365,2.8705000000000003,,768.6181679238485,2015,100.0,26.88,100.0,1769.0,100.0,,,
Saskatoon, Canada,North America,,,,,,,,,,7.159500000000001,5.042000000000001,3.1145,0.0,1.2585000000000002,5.8055,8.966,6.638000000000001,7.513999999999999,5.344000000000001,7.757999999999999,5.8405000000000005,7.2745000000000015,4.890000000000001,1.0,7.335999999999999,0.5,,3110.473389045588,2015,100.0,55.59,100.0,,,,,
Seattle, Washington,North America,,,,,,,,,,2.291,3.79,8.367,7.551000000000001,2.8845,4.523750000000001,8.671,5.6365,6.309666666666666,5.7145,7.560250000000001,6.5145,4.772,4.940499999999999,8.1155,8.0895,7.2094999999999985,,,,,,,,,,,
Seattle,UnitedStates,,190.8,162.0,46.1,71.5,81.5,5.1,43.4,31.9,91.7,,,,,,,,,,,,,,,,,,,,,,,,,,,,
Seoul, South Korea,Asia,,,,,,,,,,6.142500000000001,3.698000000000001,5.283500000000001,4.066000000000001,6.155999999999999,5.718999999999999,8.279333333333334,8.305,8.549,6.8655,6.787000000000001,5.561,6.6075,7.637,8.200000000000001,4.484,5.776,,2250.355407398955,2015,100.0,53.78,100.0,2066.0,100.0,523.0,Moderate,100.0
Seoul,SouthKorea,,146.0,110.7,75.8,83.0,65.9,25.8,42.4,57.7,68.4,,,,,,,,,,,,,,,,,,,,,,,,,,523.0,Moderate,95.23809523809523
Seville, Spain,Europe,,,,,,,,,,8.095500000000001,6.961,1.1475,0.0,3.4770000000000003,5.567000000000001,7.1196666666666655,8.929499999999999,8.221333333333332,4.259500000000001,7.220749999999999,4.296,3.894000000000001,6.1895,7.416,9.265,3.0330000000000004,,1423.0459322390284,2015,100.0,,,2921.0,100.0,538.0,Moderate,100.0
Shanghai,China,Asia,114.7,93.4,71.3,64.4,36.5,37.2,47.0,71.5,83.6,5.744,7.179,5.7255,9.288,6.862,5.0845,3.8956666666666666,7.2085,6.2059999999999995,5.6995000000000005,2.83875,6.103,1.4959999999999998,2.636,6.6934999999999985,2.741,5.717499999999999,100.0,,,,39.86,100.0,1775.8,100.0,455.0,Low,100.0
Singapore,Singapore,Asia,162.5,111.1,77.0,71.9,76.7,18.7,40.7,32.5,57.5,1.745,3.4890000000000003,9.103000000000002,8.697,2.982,5.42725,9.724666666666666,9.9715,7.682666666666665,8.2465,7.95425,7.478500000000001,9.959,8.447,7.422499999999999,6.494999999999999,5.834,100.0,3518.5571840732196,2015,100.0,66.55,100.0,2022.4,100.0,609.0,Very high,100.0
Skopje,NorthMacedonia,,108.9,53.3,53.2,54.7,34.6,13.8,27.3,83.2,76.3,,,,,,,,,,,,,,,,,,,,,,,,,,,,
Skopje, Macedonia,Europe,,,,,,,,,,9.740500000000004,9.11,2.994,0.0,1.678,5.7364999999999995,6.882333333333333,7.2795,6.628666666666668,0.5,2.6492500000000003,4.1225000000000005,9.475,4.520499999999999,6.208000000000001,4.2895,3.302,,,,,,,,,,,
Sofia,Bulgaria,Europe,137.0,82.7,60.0,58.5,40.8,9.6,31.0,68.4,76.0,9.306,8.55,4.691,3.1550000000000007,2.6665,5.622,5.295333333333333,7.5505,5.586666666666666,2.0145,4.99925,3.2499999999999996,8.720500000000001,6.272500000000001,5.318499999999999,6.740500000000001,4.0565,100.0,780.067260703318,2015,100.0,37.4,100.0,2177.0,100.0,586.0,High,100.0
Split,Croatia,,174.4,69.0,68.7,71.5,46.0,16.8,18.4,26.6,96.3,,,,,,,,,,,,,,,,,,,710.788920987589,2015,100.0,41.88,100.0,2631.0,100.0,607.0,Very high,100.0
St. Louis, Missouri,North America,,,,,,,,,,6.958,5.504,5.424000000000001,3.885,2.5315,5.085500000000001,8.671,3.880500000000001,6.669999999999999,5.2715,7.37425,6.5145,4.062,8.909,7.642500000000001,4.3759999999999994,4.8285,,,,,,,,,,,
Stockholm,Sweden,Europe,177.7,120.3,53.8,66.6,64.7,11.4,34.1,18.5,69.7,4.865,4.36,6.267,6.229,6.2255,5.685500000000001,9.568999999999996,6.8865,8.039333333333332,6.6675,8.99175,5.694499999999999,2.7495000000000003,7.6135,6.797499999999999,5.719500000000001,4.494,100.0,2845.282875849398,2015,100.0,77.47,100.0,1803.0,100.0,608.0,Very high,100.0
Stuttgart,Germany,Europe,194.3,145.7,65.5,76.7,64.2,7.5,29.0,38.9,81.1,6.314000000000001,5.673000000000002,3.7565,1.936,5.9645,6.205499999999999,9.072333333333331,8.269500000000003,7.851333333333333,5.0504999999999995,7.225,5.373500000000001,3.9035,5.124,5.556,7.533499999999998,3.9495,100.0,2963.563534778021,2015,100.0,63.22,100.0,,,598.0,High,100.0
Sydney,Australia,Oceania,179.7,118.5,65.9,74.8,73.4,14.8,43.4,28.6,97.1,1.9865,4.128,8.726500000000001,6.427000000000001,3.2849999999999997,4.851,9.399666666666668,7.5710000000000015,8.033666666666665,6.725500000000001,7.81675,6.0695000000000014,4.5885,4.7365,6.2275,7.032500000000001,6.2635,100.0,3917.4747017493273,2015,100.0,81.55,100.0,2468.1,100.0,,,
Taipei,Taiwan,Asia,165.5,99.3,83.7,86.6,47.0,24.7,34.4,48.5,84.4,7.977,5.644,5.468500000000001,2.7810000000000006,2.5105,5.6065,8.341666666666667,9.542,5.905333333333333,5.589500000000001,6.2357499999999995,6.6354999999999995,7.333,5.2315000000000005,7.2635,8.0435,5.5885,100.0,1576.313398201782,2015,100.0,39.28,100.0,1405.2,100.0,,,
Tallinn,Estonia,Europe,180.1,80.3,77.7,74.8,55.3,11.7,24.7,18.8,64.3,8.376500000000002,6.931000000000001,5.356,5.829,1.9704999999999997,5.932500000000001,8.129333333333333,9.4255,7.366333333333333,5.3549999999999995,7.825500000000001,4.1850000000000005,5.341,5.202,7.0235,7.838500000000001,4.5355,100.0,1334.468599625462,2015,100.0,63.22,100.0,1923.0,100.0,578.0,High,100.0
Tampa,UnitedStates,,190.5,145.7,54.7,67.8,78.0,2.9,36.2,32.5,84.7,,,,,,,,,,,,,,,,,,,,,,,,,,,,
Tampa Bay Area, Florida,North America,,,,,,,,,,5.696,5.253,6.3469999999999995,3.778000000000001,2.9055000000000004,1.40075,8.671,4.706499999999999,6.572999999999999,4.2805,7.37875,6.5145,4.772,7.195,6.433999999999999,5.360000000000001,5.497,,,,,,,,,,,
Tampere, Finland,Europe,,,,,,,,,,6.936,4.622,2.606,2.5490000000000004,2.848,6.3495,9.450666666666669,8.689000000000002,8.316333333333333,5.3895,8.922,3.921,4.8785,5.792000000000001,4.187000000000001,8.290500000000002,4.571000000000001,,0.0,2015,100.0,84.3,100.0,,,590.0,High,100.0
Tartu, Estonia,Europe,,,,,,,,,,8.961000000000002,7.47,2.778,0.0,1.414,6.441,8.129333333333333,9.3765,8.395,5.4035,9.416,4.1850000000000005,5.341,4.3004999999999995,4.081,7.483,3.4989999999999997,,1206.1508497611078,2015,100.0,63.22,100.0,,,578.0,High,100.0
Tashkent, Uzbekistan,Asia,,,,,,,,,,5.0,0.0,1.783,0.0,2.7375000000000007,0.0,5.175333333333333,8.9045,3.693333333333333,0.0,6.555499999999999,5.5375,6.0145,1.2425000000000002,3.1760000000000006,6.1705,4.2425,,270.0,2015,100.0,30.0,100.0,2823.9,100.0,439.0,Very low,100.0
Tbilisi,Georgia,Europe,115.9,35.6,74.4,55.1,35.7,14.0,40.6,71.7,84.2,9.4905,9.765,3.1485000000000007,0.0,2.2510000000000003,5.64425,7.863333333333332,9.506,5.052333333333334,0.8625,3.19675,4.2525,8.055000000000001,4.087,4.919,8.197499999999998,5.477500000000001,100.0,357.79245385156713,2015,100.0,36.97,100.0,2046.0,100.0,543.0,Moderate,100.0
Tehran, Iran,Asia,,,,,,,,,,8.302999999999999,9.544,4.386500000000001,0.0,3.175,3.7995,4.342666666666666,6.792999999999999,5.312333333333332,0.51,2.9425,3.9435,4.0525,1.5759999999999998,6.521,4.2225,5.499999999999999,,310.85344787718816,2015,100.0,30.0,100.0,2826.1,100.0,499.0,Low,100.0
Tel Aviv-Yafo,Israel,Asia,157.9,99.1,73.8,73.8,69.1,24.1,35.7,45.9,93.9,4.91,4.370000000000001,7.3265,9.16,3.345,4.994249999999999,6.789999999999999,8.0065,8.338,3.766500000000001,6.02675,5.0265,6.9175,2.566,5.3335,5.516,5.4125,100.0,,,,88.08,100.0,3311.0,100.0,522.0,Moderate,100.0
The Hague,Netherlands,Europe,223.8,138.9,79.8,80.7,60.2,5.9,21.0,17.5,90.6,6.053000000000001,4.653,3.864,1.107,8.000500000000002,5.061000000000001,8.836666666666666,8.789000000000001,8.213999999999999,4.306500000000001,8.283750000000001,5.053000000000001,4.954999999999999,6.5135000000000005,5.0145,8.552999999999999,4.924,100.0,,,,,,,,636.0,Very high,100.0
Thessaloniki,Greece,Europe,115.5,47.7,46.3,55.4,53.6,14.4,29.9,65.5,88.4,9.3775,6.6000000000000005,3.250000000000001,0.0,2.2604999999999995,5.91375,6.168999999999999,7.992,7.508999999999999,3.1635,3.33825,3.3199999999999994,4.1665,2.596,7.689000000000002,7.523499999999999,4.665000000000001,100.0,763.895538182035,2015,100.0,42.15,100.0,,,602.0,Very high,100.0
Timisoara,Romania,,158.2,70.8,74.5,71.2,38.0,9.8,24.3,56.2,82.0,,,,,,,,,,,,,,,,,,,,,,34.25,100.0,,,593.0,High,100.0
Tokyo,Japan,Asia,173.2,109.4,76.0,79.0,51.9,13.8,42.5,42.4,85.3,5.657000000000001,3.431,6.297000000000001,3.962999999999999,8.1515,6.0075,8.377666666666666,10.0,8.82633333333333,6.980500000000001,5.955750000000001,3.7235,6.0329999999999995,4.835000000000001,9.342000000000002,7.194500000000001,6.5225,100.0,2984.674186949116,2015,100.0,44.67,100.0,1876.7,100.0,454.0,Low,100.0
Toronto,Canada,North America,155.8,107.6,56.7,74.3,66.3,13.2,44.7,37.4,65.3,4.66,5.271,9.981,7.602000000000001,4.335000000000001,4.683000000000001,8.966,7.693500000000001,8.063666666666666,7.602500000000001,7.1775,5.8405000000000005,7.2745000000000015,4.383,7.826,7.928000000000002,5.594,100.0,3004.581297158275,2015,100.0,85.23,100.0,2066.4,100.0,,,
Toulouse, France,Europe,,,,,,,,,,7.544,4.552,3.577,2.042,5.1265,5.06775,8.088333333333333,6.967,8.831999999999999,4.442,5.079750000000001,4.2045,2.648000000000001,4.622000000000001,4.1370000000000005,7.6335,3.3040000000000003,,1948.397526537174,2015,100.0,63.22,100.0,,,524.0,Moderate,100.0
Tunis, Tunisia,Africa,,,,,,,,,,9.968,9.998,2.969,0.0,2.6080000000000005,5.614500000000001,6.621666666666667,8.291500000000001,6.2926666666666655,0.5,3.27975,3.0920000000000005,2.599,1.0725,5.742500000000001,4.727,5.365500000000001,,284.9312684879067,2015,100.0,15.49,100.0,2808.4,100.0,496.0,Low,100.0
Turin,Italy,Europe,139.6,85.4,48.1,66.2,57.2,8.0,28.0,68.9,85.7,8.069500000000001,5.612,3.250000000000001,0.0,3.1495,5.60925,6.189666666666666,6.252000000000001,8.367666666666667,4.1015,3.8855,3.3625,2.4365,2.369,7.061,5.777000000000001,5.705,100.0,,,,59.54,100.0,,,528.0,Moderate,100.0
Turku, Finland,Europe,,,,,,,,,,7.534000000000002,5.07,1.8795,1.773,3.224,6.7284999999999995,9.450666666666669,9.1755,8.712666666666667,5.347499999999999,9.10475,3.921,4.8785,6.6825,5.0975,7.751499999999999,4.5375,,0.0,2015,100.0,105.37,100.0,,,590.0,High,100.0
Uppsala, Sweden,Europe,,,,,,,,,,7.16,5.442,1.4285,0.0,4.7485,5.9750000000000005,9.568999999999996,7.850000000000001,8.152666666666665,5.2044999999999995,8.5815,5.694499999999999,2.7495000000000003,5.854,3.427,6.950500000000001,3.4665,,2316.9268282550024,2015,100.0,77.47,100.0,,,608.0,Very high,100.0
Utrecht, Netherlands,Europe,,,,,,,,,,5.4665,4.604,3.915,1.9290000000000005,8.0725,5.9902500000000005,8.836666666666666,8.631,8.394,5.5915,8.0955,5.053000000000001,4.954999999999999,6.676,5.373,8.5655,4.6965,,,,,63.22,100.0,,,636.0,Very high,100.0
Valencia,Spain,Europe,191.7,83.9,69.8,80.3,47.2,7.4,22.8,24.9,93.8,8.135500000000002,6.872,1.747,2.5829999999999997,3.4840000000000004,5.809000000000001,7.1196666666666655,7.786499999999999,8.885666666666665,4.266000000000001,5.94225,4.296,3.894000000000001,9.14,7.078000000000001,7.935,6.331500000000001,100.0,1617.576058730668,2015,100.0,47.42,100.0,2696.0,100.0,538.0,Moderate,100.0
Valletta, Malta,Europe,,,,,,,,,,3.1530000000000005,0.0,3.909499999999999,2.148,1.889,0.0,5.377,8.518,8.107,2.8194999999999997,3.77575,5.5395,5.783499999999999,3.2015,5.827,7.562999999999999,4.716999999999999,,0.0,2015,100.0,84.3,100.0,3054.0,100.0,,,
Vancouver,Canada,North America,171.3,98.1,57.7,72.0,69.1,13.7,36.7,25.5,91.2,4.080500000000001,5.259,8.17,5.8420000000000005,2.771,4.93675,8.966,7.5695,8.037666666666665,6.889000000000001,8.42325,5.8405000000000005,7.2745000000000015,4.550500000000001,5.7170000000000005,8.295,7.4,100.0,3418.88501637119,2015,100.0,83.38,100.0,1937.6,100.0,,,
Varna,Bulgaria,,143.4,62.4,64.6,63.8,38.7,9.7,28.9,59.7,85.1,,,,,,,,,,,,,,,,,,,612.6303970945115,2015,100.0,33.13,100.0,,,586.0,High,100.0
Victoria,Canada,North America,169.9,79.5,58.9,66.3,72.1,13.2,32.0,18.4,92.5,5.696,5.703,4.479,2.719,1.4945,5.226000000000001,8.966,7.808000000000001,7.693,5.3815,9.29475,5.8405000000000005,7.2745000000000015,6.194999999999999,4.523000000000001,8.7825,4.3555,100.0,3154.620662366764,2015,100.0,,,,,,,
Vienna,Austria,Europe,197.9,113.1,69.9,79.6,64.3,12.7,22.8,16.3,81.8,6.314000000000001,5.111,5.798000000000001,3.6350000000000007,8.0315,6.21325,7.596,8.5965,8.198,4.854500000000001,9.27,4.663,2.666,6.173,8.521500000000001,8.963999999999999,5.294499999999999,100.0,2598.5844083451,2015,100.0,63.22,100.0,1884.0,100.0,600.0,Very high,100.0
Vilnius,Lithuania,Europe,172.6,79.3,72.8,76.0,48.2,13.5,26.2,25.0,66.6,8.621,7.576,4.223,2.8280000000000003,2.105,5.9277500000000005,7.6003333333333325,8.857,6.330666666666666,3.7,8.71775,4.691,6.592499999999999,7.9265,5.198500000000001,7.393,4.106,100.0,1100.797284267859,2015,100.0,52.69,100.0,1691.0,100.0,569.0,High,100.0
Warsaw,Poland,Europe,149.7,95.4,74.6,58.4,43.9,12.2,34.7,60.1,74.6,7.8695,8.192,6.121500000000001,1.853,3.864,5.202999999999999,5.7043333333333335,8.6995,6.881666666666666,4.668500000000001,6.388999999999999,4.7615,5.0969999999999995,6.0,7.3355000000000015,4.636000000000001,4.961,100.0,1039.782445902602,2015,100.0,45.07,100.0,1997.0,100.0,588.0,High,100.0
Washington,UnitedStates,,164.5,132.6,39.9,70.1,82.5,6.8,41.2,42.1,81.6,,,,,,,,,,,,,,,,,,,,,,,,,,,,
Washington, District of Columbia,North America,,,,,,,,,,1.2105,3.5949999999999993,8.774000000000001,8.056,4.505000000000001,4.457000000000001,8.671,2.1915,6.257999999999999,5.968500000000001,6.9937499999999995,6.5145,4.062,3.825500000000001,10.0,6.5495,5.023499999999999,,,,,,,,,,,
Wellington, New Zealand,Oceania,,,,,,,,,,5.134499999999999,5.161,2.4715,1.753,0.8525,6.039750000000001,10.0,8.223,8.078333333333331,4.756,9.60925,5.505500000000001,5.9315,5.1745,4.599,8.116000000000001,6.397,,2722.720037759819,2015,100.0,64.14,100.0,2058.7,100.0,,,
Wellington,NewZealand,,171.4,88.4,67.0,64.3,70.3,13.3,39.3,23.6,97.7,,,,,,,,,,,,,,,,,,,,,,,,,,,,
Winnipeg,Canada,North America,142.3,97.4,39.7,68.4,63.4,6.2,31.3,35.7,24.7,7.552500000000001,5.882,3.7965,0.0,1.4754999999999998,5.104500000000001,8.966,6.0155,7.755666666666667,5.344000000000001,5.67475,5.8405000000000005,7.2745000000000015,4.902500000000001,4.688,6.659000000000001,4.243,100.0,2679.9929156785834,2015,100.0,55.59,100.0,2352.9,100.0,,,
Wroclaw,Poland,Europe,147.8,88.9,73.8,57.4,42.5,11.2,34.0,61.9,78.4,8.452,8.434000000000001,3.5860000000000003,2.386,2.2445,4.954750000000001,5.7043333333333335,8.165500000000002,6.7813333333333325,4.161500000000001,4.96475,4.7615,5.0969999999999995,5.761500000000001,4.7495,3.9045,4.085,100.0,861.7280332124137,2015,100.0,33.81,100.0,,,588.0,High,100.0
Yerevan,Armenia,Asia,116.8,34.0,77.7,57.3,42.1,20.1,29.8,60.7,63.4,9.6945,9.431,3.9265,0.0,1.7870000000000004,5.64925,6.5009999999999994,8.873000000000001,5.102,0.0,4.439500000000002,3.458,8.055000000000001,3.899999999999999,4.737000000000001,7.346500000000001,7.7765,100.0,378.7516347533246,2015,100.0,37.9,100.0,2474.0,100.0,537.0,Moderate,100.0
Zagreb,Croatia,Europe,172.0,83.1,78.7,65.1,46.8,12.2,30.0,33.3,82.2,8.91,7.193999999999999,4.453,1.775,2.0279999999999996,4.830000000000001,5.720333333333333,8.6575,7.266,3.211,7.331500000000001,2.2365,7.993499999999999,5.0335,4.9945,7.954500000000001,4.809,100.0,976.2963545487818,2015,100.0,46.06,100.0,1913.0,100.0,607.0,Very high,100.0
Zurich,Switzerland,Europe,208.1,181.2,77.2,70.3,100.4,12.9,38.1,24.4,81.5,1.473,1.0,6.203500000000001,3.872,7.733499999999999,5.839499999999999,8.888,9.0665,7.670333333333332,7.2875,8.642999999999999,6.552,6.4285000000000005,7.2675,4.9655000000000005,8.7845,5.401,100.0,6839.398661652394,2015,100.0,128.21,100.0,1566.0,100.0,550.0,High,100.0
