city,country,housing,cost of living,startups,venture capital,travel connectivity,commute,business freedom,safety,healthcare,education,environmental quality,economy,taxation,internet access,leisure & culture,tolerance,outdoors,lat,lng,iso3,population,mcmeal_combo,avg_monthly_net_salary,internet_60mbps
Aarhus,Denmark,6.1315,4.015000000000001,2.827000000000001,2.5119999999999996,3.5360000000000005,6.31175,9.94,9.616500000000002,8.704333333333333,5.3665,7.633000000000001,4.886500000000001,5.0680000000000005,8.373,3.187,9.738500000000002,4.13,56.1572,10.2107,DNK,290598.0,12.47,3458.74,30.56
Adelaide,Australia,6.3095,4.692,3.1365,2.64,1.7765000000000004,5.33625,9.399666666666668,7.926000000000001,7.936666666666666,5.1419999999999995,8.330750000000002,6.0695000000000014,4.5885,4.341,4.3285,7.822,5.531000000000001,-34.9275,138.6,AUS,1387290.0,8.65,4144.98,48.5
Albuquerque,United States,7.262,6.059,3.772,1.493,1.4555000000000002,5.05575,8.671,1.3435,6.429999999999999,4.151999999999999,7.3195,6.5145,4.346,5.396000000000001,4.890000000000001,7.028499999999999,3.5155,35.1054,-106.6465,USA,767499.0,8.3,5317.78,74.35
Almaty,Kazakhstan,9.282,9.333,2.4585,0.0,4.592,5.871249999999999,5.568,7.309,4.5456666666666665,2.283,3.85675,5.269,8.522,2.886,2.9370000000000003,6.5395,5.499999999999999,43.24,76.915,KAZ,2228675.0,5.31,504.8,11.76
Amsterdam,Netherlands,3.0529999999999995,3.8240000000000007,7.971500000000001,6.107,8.3245,6.1185,8.836666666666666,8.503500000000003,7.907333333333333,6.18,7.59725,5.053000000000001,4.954999999999999,4.523000000000001,8.874,8.368,5.3069999999999995,52.3728,4.8936,NLD,1477213.0,10.54,3655.44,49.7
Anchorage,United States,5.433500000000001,3.141,2.7945,0.0,1.7379999999999998,4.715249999999999,8.671,3.4704999999999995,6.0603333333333325,3.6245,9.272000000000002,6.5145,4.772,4.9645,3.2660000000000005,7.093,5.3580000000000005,61.1508,-149.1091,USA,289069.0,9.5,4312.5,121.27
Ankara,Turkey,9.928,9.125,3.9725000000000006,0.0,2.0475,5.291,5.948333333333333,7.425000000000002,6.914333333333333,2.0285,2.9360000000000004,4.093500000000001,4.323499999999999,2.3160000000000003,8.638499999999999,4.485500000000001,5.1465,39.93,32.85,TUR,5864049.0,3.89,371.38,8.71
Asheville,United States,5.855999999999999,5.311,3.5405,0.0,1.2095,1.358,8.671,5.852500000000001,6.725333333333332,3.6245,8.49325,6.5145,4.062,4.7875,5.063,7.7305,2.2655,35.5707,-82.5537,USA,295040.0,7.5,3480.0,69.37
Asuncion,Paraguay,9.2265,9.295000000000002,2.207,0.0,0.645,4.968750000000001,3.684,6.9345,5.485333333333333,0.0,3.969,4.109,8.423499999999999,1.479,5.991999999999999,7.051499999999999,3.4845000000000006,-25.2945,-57.6435,PRY,477346.0,4.85,354.73,24.37
Athens,Greece,9.052499999999998,6.5,4.404,2.325,3.707,5.2197499999999994,6.168999999999999,6.7585,7.153,3.1624999999999996,3.80225,3.3199999999999994,4.1665,2.2279999999999993,7.876000000000001,6.268000000000001,6.483,37.9842,23.7281,GRC,3059764.0,7.38,960.36,32.2
Atlanta,United States,4.9755,5.241,8.835,7.2570000000000014,5.2915,3.89775,8.671,2.6725,6.0233333333333325,6.456999999999999,5.817749999999999,6.5145,4.204,6.4805,7.765499999999999,4.062,5.0095,33.7628,-84.422,USA,5211164.0,8.25,4878.17,73.7
Auckland,New Zealand,4.72,4.470000000000001,4.588000000000001,2.79,1.3045000000000004,4.845000000000001,10.0,7.0215,8.162666666666665,5.0465,8.2725,5.505500000000001,5.9315,6.8500000000000005,4.395999999999999,7.402000000000001,5.862,-36.8492,174.7653,NZL,1470100.0,9.62,3978.79,54.87
Baku,Azerbaijan,9.745,9.806,2.6704999999999997,0.0,2.1690000000000005,5.492,5.671666666666666,8.772,3.701999999999999,0.0,2.62125,3.8765,5.861,1.4420000000000002,6.2195,6.584500000000001,4.503,40.3667,49.8352,AZE,2300500.0,5.74,405.72,14.73
Baltimore,United States,4.829999999999999,4.982,0.0,4.3580000000000005,3.6665,4.93475,5.502000000000001,2.373,6.870666666666666,5.8805,5.784500000000001,6.5145,4.062,4.988,0.0,5.755,3.9795,39.3051,-76.6144,USA,2189589.0,9.0,5188.03,78.91
Bangalore,India,9.810999999999998,10.0,10.0,8.972999999999999,4.064,4.00625,3.617999999999999,7.294,3.9369999999999994,0.656,2.75575,5.5565,3.4145,2.8409999999999997,3.2215000000000007,3.4844999999999997,2.385,12.9789,77.5917,IND,15386000.0,4.3,969.96,10.75
Bangkok,Thailand,7.3935,7.222,6.119,3.453,4.112,4.293500000000001,5.6036666666666655,7.0365,7.126666666666665,1.6915,3.37125,2.387,6.794500000000001,4.826499999999999,9.089,6.019,6.494000000000001,13.7525,100.4942,THA,18007000.0,5.76,629.84,15.46
Barcelona,Spain,6.3229999999999995,6.074000000000001,7.7585000000000015,5.655,5.806,5.69925,7.1196666666666655,7.407499999999999,8.403333333333332,5.029000000000002,3.6655000000000006,4.296,3.894000000000001,6.467999999999999,8.591499999999998,7.471500000000001,5.827999999999999,41.3833,2.1833,ESP,4800000.0,9.48,1978.23,40.15
Beijing,China,6.173000000000001,8.101,4.872,9.562,7.0175,4.83675,3.815333333333333,7.066,6.423333333333333,7.971000000000002,2.0555000000000003,6.103,1.4260000000000002,3.493,7.2685,2.822,4.9435,39.9067,116.3975,CHN,18522000.0,5.69,1562.35,20.83
Beirut,Lebanon,6.655500000000001,6.3,3.4094999999999995,0.0,1.3045000000000004,4.77275,4.329,6.833,6.1593333333333335,1.0035,1.449,3.4345000000000003,8.2805,1.5905,3.3995,4.184,3.842000000000001,33.8981,35.5058,LBN,2421354.0,6.1,370.25,65.01
Belfast,United Kingdom,7.532000000000001,6.014000000000001,3.55,1.6210000000000002,4.0985,5.28,8.991999999999999,7.678999999999999,8.168333333333333,4.6865000000000006,8.377500000000001,5.438,5.9545,5.5954999999999995,4.957000000000001,5.9795,1.413,54.5967,-5.93,GBR,345006.0,7.38,2333.46,44.28
Belgrade,Serbia,9.2575,8.546000000000001,4.9095,2.333,2.1365000000000003,5.578250000000001,5.383999999999999,6.6995000000000005,6.0103333333333335,0.5,4.88325,1.638,4.1665,3.863,6.497,7.387,5.078,44.8178,20.4569,SRB,1197714.0,7.18,669.56,24.23
Belize City,Belize,4.6425,0.0,1.866,0.0,0.8900000000000001,0.0,3.4109999999999996,6.052,5.503999999999999,0.0,2.031,3.4959999999999996,6.930000000000001,3.8075,1.0645,6.865,0.5,17.4986,-88.1886,BLZ,38500.0,7.0,998.65,96.25
Bergen,Norway,5.229499999999999,1.805,2.207,1.0,3.2425000000000006,5.8875,9.635333333333332,7.7075,7.646666666666667,4.8395,7.539250000000001,7.0735,4.752,6.537000000000001,4.4875,7.6145,4.3134999999999994,60.3925,5.3233,NOR,291189.0,12.33,3218.31,50.09
Berlin,Germany,6.3950000000000005,5.524,9.085,7.820000000000001,7.024999999999999,6.1960000000000015,9.072333333333331,7.251500000000001,7.990666666666666,7.019000000000001,6.771500000000001,5.373500000000001,3.9035,4.677999999999999,8.881,7.177499999999998,5.475000000000001,52.52,13.405,DEU,4679500.0,9.48,3158.05,40.24
Bern,Switzerland,4.922500000000001,1.0,2.6875000000000004,0.0,5.2635000000000005,5.19775,8.888,9.266,7.520333333333333,5.3454999999999995,9.2445,6.552,6.4285000000000005,6.1145000000000005,4.245,8.589,2.1225,46.948,7.4474,CHE,134506.0,16.03,6090.17,54.39
Bilbao,Spain,6.888000000000001,5.638,2.668,0.0,4.1735,5.774750000000001,7.1196666666666655,8.7805,9.320666666666666,3.759000000000001,8.328000000000001,4.296,3.894000000000001,5.756,6.013999999999999,8.663,1.481,43.2569,-2.9236,ESP,775000.0,8.43,1949.29,35.12
Birmingham,United Kingdom,5.9035,5.814,4.3575,2.541,5.8450000000000015,5.4935,8.991999999999999,6.946500000000001,8.293666666666667,5.0265,5.7385,5.438,5.9545,5.940000000000001,4.4350000000000005,6.421,1.2675,52.48,-1.9025,GBR,2590363.0,7.38,2976.96,33.21
Bogota,Colombia,9.0275,9.079999999999998,5.7085,1.259,1.889,4.964,6.348666666666665,6.222000000000001,6.301666666666667,1.534,4.3475,4.5945,1.8515000000000004,2.9760000000000004,6.215,8.555499999999999,7.477,4.7111,-74.0722,COL,8034649.0,4.62,299.87,19.69
Boise,United States,6.9635,6.578,4.205,2.5960000000000005,1.3235,5.2250000000000005,8.671,4.3605,6.797333333333332,3.6245,8.069500000000001,6.5145,4.062,3.442,4.1995,6.9275,5.221,43.6005,-116.2308,USA,449428.0,8.55,3833.33,64.07
Bologna,Italy,7.472,5.189,3.1485000000000007,1.3969999999999998,3.682,5.53,6.189666666666666,7.337,8.577666666666667,4.202500000000001,5.460250000000001,3.3625,2.4365,7.7105,5.736000000000001,7.618,1.5815,44.4939,11.3428,ITA,387971.0,8.43,1678.37,29.83
Bordeaux,France,7.1915,4.583,3.6915,0.0,4.876,5.5497499999999995,8.088333333333333,7.466,8.823333333333332,4.442,7.261000000000001,4.2045,2.648000000000001,3.875,5.3005,7.126499999999999,2.8754999999999997,44.84,-0.58,FRA,994920.0,9.48,2484.38,36.88
Boulder,United States,3.704,4.531,5.853000000000001,6.019,4.207,6.138000000000002,8.671,7.0735,7.050333333333333,4.679,9.84375,6.5145,4.346,6.2780000000000005,2.5649999999999995,9.274500000000002,6.699,40.0248,-105.2524,USA,120121.0,9.25,5177.78,77.86
Bozeman,United States,2.949,0.0,3.407,0.0,1.1905,0.0,8.671,6.9145,6.515,4.128,9.369,6.5145,4.062,5.156000000000001,1.907,7.2935,6.134,45.6833,-111.0558,USA,63917.0,8.97,4361.11,73.12
Bratislava,Slovakia,7.874499999999999,7.618,3.487,0.0,4.890000000000001,5.8115000000000006,6.188666666666666,8.618,6.751999999999999,3.2975,6.199999999999999,4.4705,4.937,4.583500000000001,6.186,6.432499999999999,4.8575,48.1447,17.1128,SVK,475503.0,7.38,1279.31,20.04
Brighton,United Kingdom,2.49,5.324,3.4094999999999995,0.0,8.322,5.547500000000001,8.991999999999999,8.4715,7.716333333333331,4.906000000000001,8.245750000000001,5.438,5.9545,4.7585,4.8695,8.17,4.898,50.8208,-0.1375,GBR,134293.0,7.38,2745.7,36.9
Brisbane,Australia,5.212,5.1770000000000005,6.343,3.24,2.4345,4.617750000000001,9.399666666666668,7.903500000000001,8.317666666666666,5.920999999999999,8.82775,6.0695000000000014,4.5885,4.407500000000001,4.01,7.489500000000001,6.256500000000002,-27.4678,153.0281,AUS,2706966.0,8.83,4082.97,51.29
Bristol,United Kingdom,5.215999999999999,5.242,4.113,3.593,4.890000000000001,5.4437500000000005,8.991999999999999,7.94,8.251666666666665,5.4615,6.472250000000001,5.438,5.9545,6.478000000000001,3.8625,7.439499999999999,4.538,51.4536,-2.5975,GBR,707412.0,7.38,2851.94,41.46
Brussels,Belgium,6.3549999999999995,4.477,5.6915,3.3739999999999997,7.4675,5.386750000000001,8.876999999999999,6.703,8.158333333333333,6.6530000000000005,4.591000000000001,4.8115000000000006,1.883,7.5715,8.143999999999998,6.481,4.123,50.8467,4.3525,BEL,1249597.0,9.48,2798.0,51.82
Bucharest,Romania,9.186500000000002,8.516,5.383,1.187,3.4955,5.072500000000001,5.681666666666667,8.985999999999999,6.075333333333333,2.4475,3.41925,4.103,6.8389999999999995,9.638,6.959499999999999,8.686500000000002,1.9675,44.4325,26.1039,ROU,2412530.0,5.78,948.86,8.37
Budapest,Hungary,8.570500000000001,7.948,5.4935,2.8040000000000003,4.426500000000001,5.395000000000001,6.707999999999999,8.218499999999999,5.745999999999999,3.693,5.2875,4.946,6.1075,6.759,8.253000000000002,7.228,5.112000000000001,47.4983,19.0408,HUN,1686222.0,5.66,974.48,12.82
Buenos Aires,Argentina,8.812000000000001,7.763999999999999,4.672999999999999,2.3100000000000005,3.77,4.9235,4.045333333333334,6.0395,6.978999999999998,1.422,4.869,2.884,1.568,1.5275,7.6735,8.584000000000001,4.535500000000001,-34.6036,-58.3814,ARG,16710000.0,5.0,403.51,21.87
Cairo,Egypt,10.0,10.0,5.0985000000000005,2.958,3.7575,3.99025,5.7906666666666675,6.791,4.0409999999999995,0.5,1.1555000000000002,2.978,5.101,2.405,6.1855,2.6500000000000004,0.5,30.0444,31.2358,EGY,20296000.0,4.07,200.4,16.37
Calgary,Canada,6.495000000000001,5.417999999999999,5.9495000000000005,2.0359999999999996,2.514,5.157500000000001,8.966,7.923,8.026333333333334,5.5550000000000015,8.191499999999998,5.8405000000000005,7.2745000000000015,5.6705000000000005,4.268,8.1105,7.504499999999999,51.05,-114.0667,CAN,1306784.0,8.89,3807.94,64.35
Cambridge,United Kingdom,4.1055,4.851,5.253,3.2840000000000003,6.887499999999999,5.627750000000001,8.991999999999999,9.504499999999998,8.189,6.554500000000001,8.0165,5.438,5.9545,5.8095,2.455,8.487000000000002,0.5,52.205,0.1225,GBR,123867.0,7.38,3325.27,35.67
Cape Town,South Africa,6.7635000000000005,7.955,5.611000000000001,3.725,2.1630000000000003,3.8425,4.732,5.327999999999999,4.343,0.8945000000000001,6.6085,2.7680000000000007,5.151,5.612500000000001,4.736000000000001,3.6605,6.750500000000001,-33.9253,18.4239,ZAF,4770313.0,3.99,1254.87,46.26
Caracas,Venezuela,4.9025,9.82,3.0535,0.0,1.3235,4.544250000000001,1.0,5.221,4.178333333333334,0.0,2.2725,1.978,4.180000000000001,1.6415000000000002,4.38,4.5504999999999995,4.0985,10.4806,-66.9036,VEN,3242000.0,10.0,185.12,49.38
Casablanca,Morocco,8.822,9.088,3.0974999999999997,0.0,2.9145,4.26,5.614333333333333,6.775500000000001,4.47,0.0,2.2555000000000005,3.1735,3.2994999999999997,2.067,2.6830000000000003,2.945,3.9935,33.5333,-7.5833,MAR,3215935.0,6.14,470.72,36.34
Chattanooga,United States,6.782,6.121,3.909499999999999,2.228,1.2095,0.7969999999999999,8.671,4.468,6.2429999999999986,3.6245,7.1515,6.5145,4.772,8.365,4.1625,4.7925,3.908,35.066,-85.2481,USA,410795.0,9.0,4196.1,65.71
Chennai,India,10.0,10.0,7.104,3.782000000000001,4.208,4.8420000000000005,3.617999999999999,7.837000000000001,4.074666666666666,0.5115000000000001,2.3945000000000007,5.5565,3.4145,6.825500000000001,2.2275,4.550000000000001,4.198,13.0825,80.275,IND,12395000.0,4.91,552.68,9.48
Chicago,United States,3.702,4.766000000000001,9.513,8.368,5.5075,4.57975,8.671,3.832,6.215999999999998,7.999,6.8045,6.5145,4.062,6.599499999999999,8.193,6.1339999999999995,5.4155,41.8375,-87.6866,USA,8489066.0,10.0,4819.49,62.56
Chisinau,Moldova,9.6765,9.343,3.0535,0.0,1.6025,5.495,5.443333333333333,7.627999999999999,5.065999999999999,1.3995,4.3382499999999995,3.9765000000000006,6.2325,5.3615,2.7120000000000006,6.646999999999999,3.121,47.0228,28.8353,MDA,639000.0,4.87,448.7,9.02
Christchurch,New Zealand,6.934000000000001,5.096,1.5355000000000003,0.0,0.8334999999999999,5.51775,10.0,7.584999999999999,8.312333333333333,4.756,9.2565,5.505500000000001,5.9315,5.922,3.223500000000001,8.403500000000001,6.269,-43.5311,172.6361,NZL,383200.0,8.34,3327.32,49.09
Cincinnati,United States,6.6775,6.1080000000000005,6.0995,2.7089999999999996,1.9265,4.743500000000001,8.671,4.975,6.345999999999999,4.2805,7.1095,6.5145,3.9205,6.512000000000001,6.118000000000001,5.2989999999999995,3.6075,39.1413,-84.506,USA,1704916.0,7.75,3621.99,57.5
Cluj-Napoca,Romania,9.165,8.794,3.4094999999999995,1.8990000000000005,1.7625000000000002,5.876,5.681666666666667,9.4745,6.434333333333333,2.4480000000000004,6.40075,4.103,6.8389999999999995,8.6655,2.6275000000000004,8.624,4.255,46.7667,23.5833,ROU,286598.0,5.35,873.53,8.4
Cologne,Germany,6.5265,5.606999999999999,5.1065000000000005,3.2780000000000005,7.282000000000001,5.381749999999999,9.072333333333331,6.6295,8.04,5.1034999999999995,6.48,5.373500000000001,3.9035,5.666,5.3225,6.7115,5.289000000000001,50.9364,6.9528,DEU,1087353.0,9.48,2480.27,35.39
Colorado Springs,United States,6.4995,5.375,4.267,2.147,1.266,1.7352500000000004,8.671,5.3774999999999995,5.843999999999999,3.6245,8.526500000000002,6.5145,4.346,5.9225,3.812,9.206,7.356499999999999,38.8674,-104.7605,USA,638421.0,10.0,4563.77,75.0
Copenhagen,Denmark,4.227,3.426,6.206999999999999,4.467,6.3,6.2955000000000005,9.94,9.1525,7.985333333333334,5.301,8.27225,4.886500000000001,5.0680000000000005,7.239500000000001,7.063000000000001,9.0955,4.671000000000001,55.6805,12.5615,DNK,1366301.0,12.05,3670.25,37.29
Cork,Ireland,5.514500000000001,4.902,3.9875,2.8699999999999997,2.3615,5.504250000000001,8.345666666666666,8.839500000000001,7.426333333333334,4.879,8.012750000000002,7.514500000000001,6.254999999999999,9.143999999999998,2.5315,8.630500000000001,0.5,51.9,-8.4731,IRL,222333.0,9.48,2881.42,52.61
Curitiba,Brazil,9.4295,8.433,2.912,2.148,0.8900000000000001,4.950250000000001,2.781,5.9465,5.897,1.0165000000000002,7.75725,2.187,2.8525,3.1420000000000003,7.1875,7.848000000000001,2.6655,-25.4297,-49.2719,BRA,1773718.0,5.75,492.89,22.55
Dar es Salaam,Tanzania,7.652000000000001,8.026,2.6875000000000004,3.191,1.4535,2.07575,3.2886666666666664,6.1005,3.238666666666667,0.0,2.0802500000000004,5.499999999999999,4.497000000000001,1.11,1.205,2.7665,4.3535,-6.8161,39.2803,TZA,7962000.0,6.64,264.32,44.53
Delhi,India,9.752,9.869,9.828500000000002,9.099000000000002,5.642,3.71225,3.617999999999999,6.4185,3.7126666666666663,0.512,2.2030000000000003,5.5565,3.4145,3.588,5.683,3.115999999999999,1.1785,28.61,77.23,IND,32226000.0,4.3,586.46,7.95
Denver,United States,3.8375,5.102,7.8645,6.117,4.243,4.530000000000001,8.671,5.371,6.220333333333333,3.6245,7.11675,6.5145,4.346,5.418500000000001,6.2235,7.860499999999999,7.932999999999999,39.762,-104.8758,USA,2691349.0,9.4,5565.78,73.23
Detroit,United States,6.223000000000001,6.032,5.4015,5.183999999999999,3.6405,0.933,8.671,4.4615,5.786333333333332,5.8185,4.04675,6.5145,3.7785,6.167000000000002,7.478,3.678,5.387499999999999,42.3834,-83.1024,USA,3716929.0,8.75,3926.67,72.0
Doha,Qatar,2.1315,6.183,2.6875000000000004,0.0,2.6425,4.61625,7.408333333333332,9.486,7.4336666666666655,1.4335,3.94175,9.39,10.0,3.245,4.6205,5.0625,4.436999999999999,25.2867,51.5333,QAT,1186023.0,6.87,3342.4,90.49
Dresden,Germany,7.884500000000001,6.0280000000000005,2.4065,1.533,3.536000000000001,4.959999999999999,9.072333333333331,8.463999999999999,8.393666666666666,5.124500000000001,8.110750000000001,5.373500000000001,3.9035,5.6035,6.6385,7.369,4.649,51.05,13.74,DEU,566222.0,8.96,2579.58,32.9
Dubai,United Arab Emirates,2.591,5.49,7.309000000000001,4.183,4.508,4.2284999999999995,8.036999999999999,9.172,6.3919999999999995,2.28,6.035500000000001,7.885999999999999,10.0,3.151,4.6705,5.426500000000001,5.7985,25.2631,55.2972,ARE,3331420.0,8.17,4322.14,97.02
Dublin,Ireland,2.5124999999999997,4.005000000000001,5.651,6.204,4.7615,5.44625,8.345666666666666,7.121499999999999,6.8103333333333325,5.6065,6.5015,7.514500000000001,6.254999999999999,8.3435,7.134500000000001,7.328,5.664,53.3497,-6.2603,IRL,592713.0,10.01,3177.2,59.14
Dusseldorf,Germany,6.282000000000001,5.1339999999999995,3.389,2.2300000000000004,6.6695,5.283000000000001,9.072333333333331,8.166,8.003666666666666,4.306500000000001,7.375499999999999,5.373500000000001,3.9035,5.666,4.664000000000001,7.868499999999999,5.3585,51.2256,6.7767,DEU,631217.0,9.48,3245.42,32.03
Edinburgh,United Kingdom,5.8450000000000015,5.114,4.109,3.3369999999999997,5.185,5.967500000000001,8.991999999999999,8.485,8.552333333333332,6.092500000000001,7.763,5.438,5.9545,5.1755,7.200500000000001,7.922000000000001,5.131,55.95,-3.1833,GBR,488050.0,7.38,2761.09,34.38
Edmonton,Canada,6.729500000000001,5.522,4.6240000000000006,2.392,1.9019999999999997,5.09725,8.966,7.1175000000000015,8.269,5.948,8.17575,5.8405000000000005,7.2745000000000015,4.609999999999999,3.974,7.9255,3.385,53.5344,-113.4903,CAN,1151635.0,8.89,3403.02,59.09
Eindhoven,Netherlands,6.252000000000001,5.125,3.5405,3.0170000000000003,4.807499999999999,6.031750000000001,8.836666666666666,9.107,8.559333333333333,5.0805,8.805,5.053000000000001,4.954999999999999,7.658999999999999,4.333500000000001,9.3425,4.628,51.4344,5.4842,NLD,243730.0,10.54,3566.2,42.35
Eugene,United States,6.713,5.021,3.0865000000000005,1.964,1.192,5.627000000000001,8.671,6.171500000000001,6.566666666666666,4.1735,8.231,6.5145,3.9205,4.756000000000001,2.9560000000000004,8.9695,3.533,44.0564,-123.1174,USA,272737.0,9.0,3050.0,61.33
Florence,Italy,6.775,4.649,2.2274999999999996,0.0,4.306,6.0287500000000005,6.189666666666666,7.9725,8.163666666666666,4.058000000000001,6.009000000000001,3.3625,2.4365,4.4415,8.503499999999999,6.7355,1.6769999999999998,43.7714,11.2542,ITA,360930.0,9.75,1491.05,31.04
Florianopolis,Brazil,9.0595,8.331000000000001,1.0,0.0,0.683,4.78775,2.781,6.5249999999999995,5.432999999999999,1.0165000000000002,4.943999999999999,2.187,2.8525,3.185,5.33,7.637500000000001,5.7509999999999994,-27.5933,-48.553,BRA,342315.0,6.71,415.52,22.36
Fort Collins,United States,2.744500000000001,0.0,4.0435,0.0,1.102,2.0075000000000003,8.671,6.935499999999999,6.8309999999999995,4.1735,9.95325,6.5145,4.346,5.301999999999999,2.746,9.48,6.1865000000000006,40.5477,-105.0656,USA,339256.0,8.0,4277.78,59.98
Frankfurt,Germany,5.957,5.143,3.768,3.398999999999999,8.529,5.923,9.072333333333331,6.8375,7.707333333333334,5.2065,6.4755,5.373500000000001,3.9035,4.079,6.492,7.0345,5.384,50.1106,8.6822,DEU,775790.0,9.05,3365.64,38.65
Fukuoka,Japan,4.01,0.0,1.484,1.79,6.172499999999999,0.0,8.389666666666667,9.945,9.098,5.5275,7.916,3.7235,6.0329999999999995,4.575000000000001,5.8605,7.259,5.6815,33.59,130.4017,JPN,2286000.0,5.21,1646.81,36.03
Galway,Ireland,6.275500000000001,4.9270000000000005,2.5380000000000003,2.556,2.3615,5.68975,8.345666666666666,8.89,7.069999999999999,5.0075,7.51875,7.514500000000001,6.254999999999999,7.637499999999999,1.1150000000000002,8.700499999999998,3.712499999999999,53.2729,-9.0418,IRL,83456.0,9.48,2433.67,50.58
Gdansk,Poland,8.508,8.126999999999999,2.6875000000000004,0.0,2.8345,5.861,5.7043333333333335,8.0405,6.855666666666666,4.6615,7.794500000000001,4.7615,5.0969999999999995,5.036,5.515,4.4785,5.0249999999999995,54.3475,18.6453,POL,749786.0,5.63,1136.51,12.34
Geneva,Switzerland,1.0775,1.0,4.692,3.089,5.866500000000001,6.003,8.888,8.427,7.443,5.186,8.601750000000001,6.552,6.4285000000000005,8.378499999999999,5.244000000000001,8.6205,6.5535,46.2017,6.1469,CHE,203840.0,16.03,5855.97,56.69
Gibraltar,Gibraltar,1.112,0.0,2.8419999999999996,1.5659999999999998,0.758,0.0,0.0,9.3375,3.023333333333333,0.0,5.1835,0.0,2.9130000000000003,4.296,2.235,4.4265,4.7565,36.14,-5.35,GIB,34003.0,8.61,3385.92,46.48
Glasgow,United Kingdom,6.9285000000000005,5.623,3.505,1.1820000000000002,6.1995000000000005,5.35225,8.991999999999999,7.496,8.813333333333333,5.306500000000001,7.100999999999999,5.438,5.9545,4.252999999999999,4.671000000000001,6.9430000000000005,3.740999999999999,55.8611,-4.25,GBR,626410.0,7.38,2977.24,35.55
Gothenburg,Sweden,6.725,5.046000000000001,3.1285000000000007,3.725,3.6575,5.96875,9.568999999999996,7.296,8.101666666666667,4.7775,8.58975,5.694499999999999,2.7495000000000003,6.1925,4.0045,6.3645,4.5685,57.7075,11.9675,SWE,674529.0,8.72,2782.04,30.25
Grenoble,France,7.505000000000001,4.317,2.7430000000000003,1.852,3.996,5.52575,8.088333333333333,5.8875,9.063,4.549,6.151,4.2045,2.648000000000001,3.758,3.1785,5.0504999999999995,4.646,45.1715,5.7224,FRA,156389.0,9.48,2054.8,33.95
Guadalajara,Mexico,9.527,9.49,4.3445,0.0,1.7294999999999998,4.3455,5.764999999999999,6.472000000000001,7.034333333333333,1.2095,3.34325,3.5005,4.333500000000001,4.0925,7.657,8.1575,3.4765000000000006,20.6767,-103.3475,MEX,5525000.0,6.19,764.19,28.69
Guatemala City,Guatemala,8.8125,8.175,2.641,1.673,0.8145000000000001,0.5237499999999999,4.616999999999999,6.139,4.763666666666666,0.0,3.75775,3.805,8.505,2.506,5.1645,7.157,4.1335,14.6417,-90.5133,GTM,3014000.0,5.73,436.56,46.81
Halifax,Canada,6.895000000000001,4.9430000000000005,3.624,2.2840000000000003,1.5699999999999998,5.402750000000001,8.966,7.188500000000001,7.885666666666666,5.42,7.618499999999999,5.8405000000000005,7.2745000000000015,6.123500000000001,3.942,7.853499999999999,4.023,44.6475,-63.5906,CAN,439819.0,8.89,3072.15,75.81
Hamburg,Germany,5.944500000000001,4.904,5.793999999999999,4.197,5.685000000000001,5.8265,9.072333333333331,6.4590000000000005,8.129999999999999,4.306500000000001,8.123999999999999,5.373500000000001,3.9035,5.560499999999999,6.3525,7.162999999999999,5.088,53.55,10.0,DEU,2496600.0,9.48,3164.03,37.75
Hannover,Germany,7.754000000000001,6.000000000000001,1.0,0.0,5.646,6.5497499999999995,9.072333333333331,7.352500000000002,8.133666666666667,4.834,9.13125,5.373500000000001,3.9035,5.666,3.5255,7.266,4.2665,52.3667,9.7167,DEU,548186.0,8.43,2664.16,32.27
Havana,Cuba,9.089,7.607999999999999,1.4975000000000005,0.0,1.919,0.0,1.643333333333333,8.6335,6.999666666666665,0.0,3.86225,2.5495000000000005,0.5,1.703,2.0700000000000003,8.7595,5.0225,23.1367,-82.3589,CUB,2089532.0,7.0,35.75,165.0
Helsinki,Finland,5.396000000000001,4.121,5.683,5.507,4.7505,5.77925,9.450666666666669,8.674000000000001,7.953666666666665,5.4544999999999995,9.301,3.921,4.8785,5.1034999999999995,7.054500000000001,7.501500000000001,4.797999999999999,60.1708,24.9375,FIN,1360075.0,9.72,2874.65,22.85
Ho Chi Minh City,Vietnam,8.618,8.844000000000001,4.93,1.7390000000000003,2.08,5.1835,4.101666666666666,6.767500000000001,5.540333333333333,4.116499999999999,1.4197499999999998,4.8345,5.045,4.565,5.874000000000001,5.943499999999999,1.2575,10.7756,106.7019,VNM,15136000.0,4.08,487.51,11.48
Hong Kong,Hong Kong,1.0,4.967,8.343,8.314,3.679,5.54025,9.294333333333334,9.3505,4.154000000000001,9.711,4.53325,6.4825,8.380499999999998,6.2275,7.0585,7.152000000000001,5.796,22.3,114.2,HKG,7450000.0,5.52,2994.43,22.84
Honolulu,United States,2.3415000000000004,2.867,4.1335,0.0,1.983,4.1617500000000005,8.671,6.8565000000000005,6.430999999999997,4.2805,6.094000000000001,6.5145,4.204,6.158,7.622999999999999,7.774000000000001,5.917500000000001,21.3294,-157.846,USA,346323.0,10.0,4091.19,66.61
Houston,United States,5.224500000000001,6.162,7.9345,4.474,4.338500000000001,4.03075,8.671,3.1289999999999996,6.379,4.928,5.304500000000001,6.5145,4.772,6.248499999999999,7.144,5.34,5.385999999999999,29.786,-95.3885,USA,6046392.0,9.0,5063.25,73.91
Hyderabad,India,10.0,10.0,8.724499999999999,3.585,3.841,4.632000000000001,3.617999999999999,8.1265,3.957333333333333,0.0,2.8405000000000005,5.5565,3.4145,5.540000000000001,4.271,4.132499999999999,3.2085000000000004,17.3617,78.4747,IND,10494000.0,5.53,531.45,8.87
Indianapolis,United States,6.266,5.478,5.503,3.96,1.6815000000000002,4.85875,8.671,3.968,6.151333333333332,3.6245,6.1605,6.5145,4.062,5.875500000000001,7.299,6.869999999999999,3.965,39.7771,-86.1458,USA,1740984.0,8.0,4562.61,72.62
Innsbruck,Austria,6.708,4.732,2.1254999999999997,0.0,5.569500000000001,6.3740000000000006,7.596,8.273,7.884666666666666,4.33,7.366,4.663,2.666,5.0595,4.4245,8.485499999999998,3.9635,47.2683,11.3933,AUT,130585.0,9.48,1965.3,37.92
Istanbul,Turkey,9.1375,8.787,6.9535,2.111,5.8355,4.06575,5.948333333333333,6.8935,6.839999999999998,2.1525,3.40475,4.093500000000001,4.323499999999999,3.5005,10.0,3.8925,5.7435,41.0136,28.955,TUR,14441000.0,4.29,383.04,8.9
Jakarta,Indonesia,8.671,8.471,5.649500000000001,6.437,2.4885000000000006,3.640000000000001,4.028666666666666,7.0005,4.183999999999999,1.0275,2.4857500000000003,4.657500000000001,6.266,4.498999999999999,8.146,2.0665,7.202000000000001,-6.175,106.8275,IDN,33756000.0,3.57,509.12,31.57
Johannesburg,South Africa,8.012,7.575000000000001,4.937499999999999,1.467,3.2030000000000003,3.91575,4.732,5.165500000000001,3.6486666666666663,0.7585,4.325500000000001,2.7680000000000007,5.151,2.8375,4.4014999999999995,3.6605,2.9560000000000004,-26.2044,28.0456,ZAF,7860781.0,4.28,1502.75,49.89
Karlsruhe,Germany,7.764499999999998,5.294,2.994,1.299,4.7985,4.905499999999999,9.072333333333331,6.858,8.412,5.2075000000000005,7.7675,5.373500000000001,3.9035,4.5945,3.9865,8.337,4.588500000000001,49.0092,8.404,DEU,309964.0,9.45,2893.81,38.75
Kathmandu,Nepal,10.0,9.445,3.2110000000000003,0.0,1.041,5.348999999999999,4.740333333333333,8.5055,4.115999999999999,0.0,1.0,4.496,5.513000000000002,2.201,5.039,9.129,3.798,27.71,85.32,NPL,845767.0,7.69,201.45,12.17
Kingston,Jamaica,8.8955,5.937,2.648000000000001,0.0,0.8145000000000001,4.926750000000001,6.567666666666668,5.5275,6.677999999999999,0.0,3.02025,1.8295,6.073499999999999,4.483499999999999,4.2780000000000005,2.8434999999999997,3.3460000000000005,17.9714,-76.7931,JAM,580000.0,6.5,584.66,40.65
Knoxville,United States,6.9754999999999985,6.447000000000001,3.5165,0.0,1.379,1.943,8.671,5.1295,6.421666666666667,4.212,3.72325,6.5145,4.772,7.092499999999999,4.495500000000001,5.4025,1.7525,35.9692,-83.9496,USA,618226.0,8.0,3950.0,65.4
Kuala Lumpur,Malaysia,8.663499999999999,8.238,5.542,4.245,3.5620000000000003,4.37975,7.597333333333332,5.880999999999999,5.950333333333333,2.527,3.869999999999999,6.339,6.1265,5.4615,7.166,1.528,5.738500000000001,3.1686,101.698,MYS,8911000.0,4.1,1290.67,25.49
Kyoto,Japan,3.765,0.0,1.3025,0.0,6.7945,2.5,8.389666666666667,10.0,9.078666666666669,6.241,6.435,3.7235,6.0329999999999995,3.712,8.153500000000001,7.663,1.6465,35.0117,135.7683,JPN,1463723.0,5.58,1968.01,31.64
La Paz,Bolivia,4.724,0.0,1.4975000000000005,0.0,1.3190000000000002,3.834249999999999,3.4819999999999993,6.750500000000001,4.315999999999999,0.0,1.73375,4.536,4.5489999999999995,1.548,1.525,6.292999999999999,5.499999999999999,-16.4958,-68.1333,BOL,321073.0,6.51,499.75,47.42
Lagos,Nigeria,7.767,9.098,6.4335,2.5100000000000007,1.7479999999999998,3.56475,3.255666666666666,5.999499999999999,2.862333333333333,0.0,1.90725,5.061,6.2155000000000005,1.634,1.3585,1.406,3.8245,6.455,3.3841,NGA,16637000.0,6.75,214.64,52.83
Lausanne,Switzerland,4.0755,1.0,3.822,3.308,6.5145,5.85825,8.888,8.032499999999999,7.351999999999999,6.622,8.809750000000001,6.552,6.4285000000000005,4.146,4.222,8.4535,5.337999999999999,46.52,6.6333,CHE,141418.0,16.03,5400.51,59.22
Leeds,United Kingdom,6.811,5.3629999999999995,3.3605,4.423,6.595000000000001,5.1057500000000005,8.991999999999999,7.731,8.633666666666667,4.9825,5.922000000000001,5.438,5.9545,7.3295,3.7435,7.214,1.2955,53.7975,-1.5436,GBR,536280.0,7.38,2780.58,40.72
Leipzig,Germany,8.177,5.9110000000000005,2.7065,0.0,4.337,6.01375,9.072333333333331,7.277000000000001,7.300333333333332,4.306500000000001,9.03275,5.373500000000001,3.9035,5.646500000000001,4.5264999999999995,7.1935,4.747000000000001,51.34,12.375,DEU,619879.0,8.43,2231.31,39.37
Lille,France,7.532000000000001,5.399000000000001,3.2585,2.381,6.020000000000001,2.29375,8.088333333333333,6.942,9.071,4.3934999999999995,4.2395,4.2045,2.648000000000001,3.826999999999999,5.1095000000000015,7.202999999999999,2.2925000000000004,50.6278,3.0583,FRA,238695.0,9.48,2678.23,32.01
Lima,Peru,8.712,8.496,3.8835,1.65,2.012,4.7589999999999995,5.001666666666667,5.2905,5.710666666666665,0.5,2.48075,3.1625000000000005,6.524,2.41,6.8085,6.0805,5.388000000000001,-12.06,-77.0375,PER,10320000.0,5.22,489.76,30.91
Lisbon,Portugal,6.734000000000001,7.004000000000001,6.022,3.194,4.191000000000001,5.31575,8.238666666666665,8.438,7.860333333333332,4.48,6.4115,3.483,4.1575,6.394000000000001,7.833500000000001,9.597,5.690999999999999,38.7122,-9.134,PRT,548703.0,7.38,1125.31,35.58
Liverpool,United Kingdom,7.485,6.02,3.5589999999999993,2.355,6.649500000000001,4.5409999999999995,8.991999999999999,7.7285,9.027666666666669,4.872,7.275250000000001,5.438,5.9545,8.994,5.393,7.451,5.458500000000001,53.4072,-2.9917,GBR,513441.0,7.38,2263.4,37.18
Ljubljana,Slovenia,8.214000000000002,6.749000000000001,4.088000000000001,1.2300000000000002,2.293,5.69875,7.676666666666666,8.953,7.671666666666668,4.851999999999999,8.661750000000001,4.7205,4.8100000000000005,5.4895000000000005,4.7989999999999995,8.184000000000001,1.8225,46.0514,14.5061,SVN,284293.0,6.53,1392.17,34.72
London,United Kingdom,1.0,3.94,10.0,9.859,9.4025,5.3955,8.991999999999999,7.243500000000001,8.017999999999999,9.027,5.547750000000001,5.438,5.9545,5.8455,9.4555,6.573,5.374499999999999,51.5072,-0.1275,GBR,11262000.0,8.61,4033.84,35.92
Los Angeles,United States,1.5275,4.556000000000001,10.0,10.0,3.9585,3.677000000000001,8.574666666666667,5.705,6.027333333333332,8.6245,4.7315000000000005,6.5145,4.7675,5.496500000000001,9.196,6.959999999999999,6.747,34.1141,-118.4068,USA,11885717.0,10.0,5456.15,67.95
Luxembourg,Luxembourg,2.4530000000000003,3.411,3.307500000000001,1.8990000000000005,4.5805,5.8445,7.856666666666666,8.627999999999998,8.220333333333333,3.4795,8.57625,7.473000000000001,7.151,5.458,4.495500000000001,8.8045,1.475,49.6117,6.1319,LUX,132780.0,10.54,4272.11,56.49
Lviv,Ukraine,9.778,10.0,4.204,0.0,3.7615,5.485250000000001,4.525333333333333,7.822,4.869999999999999,0.0,4.82525,1.2755,5.478,5.055999999999999,7.0585,6.715999999999999,4.436000000000001,49.8425,24.0322,UKR,717273.0,4.08,454.48,4.73
Lyon,France,6.697000000000001,4.349,4.4995,3.083,5.963000000000001,5.18525,8.088333333333333,7.134499999999999,8.641666666666666,4.5805,6.54325,4.2045,2.648000000000001,9.403,5.987500000000001,6.5169999999999995,5.373500000000001,45.76,4.84,FRA,520774.0,10.54,2714.26,38.89
Madrid,Spain,6.414000000000001,6.2490000000000006,0.0,4.79,5.8555,5.285750000000001,7.1196666666666655,7.7925,8.916333333333332,4.291500000000001,5.5655,4.296,3.894000000000001,6.241,9.338,7.665000000000001,6.22,40.4169,-3.7033,ESP,6211000.0,8.43,2089.54,38.1
Malaga,Spain,8.0515,7.375,2.4585,0.0,4.3605,5.78275,7.1196666666666655,7.693,8.655666666666667,3.759000000000001,8.108250000000002,4.296,3.894000000000001,6.1895,6.389,7.5005,5.784000000000001,36.7194,-4.42,ESP,967250.0,8.43,1766.37,34.91
Malmo,Sweden,7.263000000000001,5.57,3.645,2.683,4.7675,5.646750000000001,9.568999999999996,6.598000000000001,8.215,3.893,9.2055,5.694499999999999,2.7495000000000003,8.219999999999999,2.3445,5.304,4.524,55.5833,13.0333,SWE,360249.0,8.23,2757.26,33.33
Managua,Nicaragua,4.7855,0.0,1.866,0.0,0.6075,0.0,4.600333333333333,7.774500000000001,6.403666666666666,0.0,3.3405,3.9395,3.2544999999999997,1.177,1.837,9.239,1.4335,12.1364,-86.2514,NIC,1051236.0,5.5,358.51,58.25
Manchester,United Kingdom,6.455500000000001,5.049000000000001,5.769500000000001,4.908,6.397500000000001,4.728,8.991999999999999,6.7725,8.518999999999998,5.652,4.363,5.438,5.9545,5.814,4.9750000000000005,6.6770000000000005,3.676,53.479,-2.2452,GBR,547627.0,7.38,2799.28,34.03
Manila,Philippines,8.5955,8.751999999999999,4.805,3.547,2.6345,3.713,4.592333333333334,6.4345,4.297666666666667,0.0,1.683,5.006499999999999,4.303,4.608,7.584,5.503,4.8255,14.5958,120.9772,PHL,24922000.0,3.59,429.13,37.97
Marseille,France,7.5885,6.026000000000002,3.3095000000000003,2.843,5.950500000000001,5.86075,8.088333333333333,5.252,8.843666666666666,4.442,3.942,4.2045,2.648000000000001,5.5425,5.443000000000001,6.1735,5.1835,43.2964,5.37,FRA,877215.0,9.48,2596.01,31.76
Medellin,Colombia,9.2315,9.315,4.618,0.0,0.928,5.3545,6.348666666666665,7.477,6.790666666666666,1.531,6.17075,4.5945,1.8515000000000004,4.1485,5.029,9.302,3.662,6.2308,-75.5906,COL,2529403.0,4.83,342.66,22.22
Melbourne,Australia,4.829999999999999,4.798000000000001,8.204,5.020000000000001,2.8465000000000003,4.872,9.399666666666668,7.1325,8.015999999999998,6.2204999999999995,7.891499999999999,6.0695000000000014,4.5885,5.896000000000001,6.461,7.0005,6.202999999999999,-37.8142,144.9631,AUS,5031195.0,9.68,4052.92,51.57
Mexico City,Mexico,8.360000000000001,9.244,7.479999999999999,2.6340000000000003,2.87,3.806,5.760999999999998,5.464000000000001,6.379999999999999,1.713,2.5062500000000005,3.5005,4.333500000000001,5.8405000000000005,9.962,7.089,3.914,19.4333,-99.1333,MEX,21804000.0,6.7,718.92,26.67
Milan,Italy,5.194500000000001,4.801000000000001,5.190499999999999,3.286,6.683,5.5120000000000005,6.189666666666666,7.378000000000001,8.444666666666667,4.283,4.458,3.3625,2.4365,5.013999999999999,7.917000000000001,7.2195,5.641,45.4669,9.19,ITA,1354196.0,10.22,1897.64,29.7
Milwaukee,United States,6.1225,5.526,4.8305,2.005,1.5875,4.915000000000001,8.671,4.267,6.082333333333333,4.177,7.989000000000001,6.5145,4.204,4.346,6.8375,4.844,5.064000000000001,43.0642,-87.9675,USA,1290221.0,8.5,5043.75,62.08
Minsk,Belarus,9.4955,9.289,4.3785,0.0,3.7664999999999993,5.365500000000001,5.596333333333332,9.038,5.5106666666666655,0.5,7.04825,3.204,5.926,4.863,6.949999999999999,7.4215,4.906000000000001,53.9006,27.5586,BLR,1992862.0,5.15,549.57,13.96
Montevideo,Uruguay,8.183000000000002,6.197,2.863,2.205,1.183,5.288,7.943999999999997,5.9735000000000005,6.654999999999999,1.6900000000000002,4.545,4.416,4.8285,2.1785,4.9465,9.71,5.1785,-34.9056,-56.1842,URY,1719453.0,10.23,876.34,40.14
Montreal,Canada,7.392000000000001,5.948,8.102500000000001,5.773000000000001,3.443,5.107,8.966,7.822,7.395,7.299000000000001,7.7215,5.8405000000000005,7.2745000000000015,4.478000000000001,6.9174999999999995,8.193,5.303,45.5089,-73.5617,CAN,3675219.0,9.63,2823.94,47.56
Moscow,Russia,6.555000000000001,8.099,5.053,3.704999999999999,9.0545,4.546250000000001,5.386666666666667,7.478,4.763,4.5725,5.27475,3.148,6.017000000000001,6.571,8.875499999999999,3.4750000000000005,5.090000000000002,55.7506,37.6175,RUS,17332000.0,6.4,1452.41,8.3
Mumbai,India,8.124,9.825,9.853000000000002,6.179,5.414,3.94,3.617999999999999,7.618500000000001,3.802333333333334,0.5275,2.0965,5.5565,3.4145,3.429,4.968499999999999,3.839,5.792000000000001,19.0761,72.8775,IND,24973000.0,3.68,640.81,9.33
Munich,Germany,4.23,4.648,6.915,6.509,8.056500000000002,6.013999999999999,9.072333333333331,9.049,8.370999999999999,7.554499999999999,9.018250000000002,5.373500000000001,3.9035,5.155000000000001,7.335999999999999,8.4745,7.331,48.1375,11.575,DEU,2606021.0,9.48,3467.43,37.72
Nairobi,Kenya,8.8505,8.431999999999999,6.026,4.600999999999999,2.3145,4.069,3.246333333333333,5.9719999999999995,3.5983333333333327,0.5,3.1987500000000004,4.376999999999999,5.084,1.889,2.67,2.5789999999999997,4.0495,-1.2864,36.8172,KEN,5545000.0,5.91,455.52,52.18
Nantes,France,7.7225,5.021,3.353,2.2300000000000004,4.989,5.997750000000001,8.088333333333333,7.6355,8.533333333333333,4.4045000000000005,7.323,4.2045,2.648000000000001,4.867,4.351000000000001,7.0555,2.6719999999999997,47.2181,-1.5528,FRA,325070.0,10.54,2272.58,33.87
Naples,Italy,8.215,5.81,2.0405,0.0,3.9410000000000007,4.70575,6.189666666666666,6.389500000000002,7.186333333333332,4.058000000000001,1.65625,3.3625,2.4365,5.314000000000001,6.045,6.7535,5.359,40.8358,14.2486,ITA,913462.0,8.43,1408.51,30.48
Nashville,United States,4.4545,5.742000000000001,6.0600000000000005,3.569,1.9080000000000004,4.501,8.671,5.078,5.952999999999999,4.733,7.056499999999999,6.5145,4.772,6.6370000000000005,7.0200000000000005,6.807500000000001,1.2735,36.1715,-86.7842,USA,1178679.0,8.59,4812.25,81.93
New Orleans,United States,5.339,4.991999999999999,4.7365,1.21,1.757,4.6274999999999995,8.671,2.088,5.8839999999999995,4.151999999999999,5.674,6.5145,4.346,6.453000000000001,7.1985,5.1240000000000006,1.0,30.0687,-89.9288,USA,918752.0,8.0,3405.25,72.93
New York,United States,1.0,2.342,10.0,10.0,6.675,5.5192499999999995,8.671,7.022,6.105333333333332,8.0935,5.233749999999999,6.5145,3.9205,7.0985,10.0,6.7125,5.7475,40.6943,-73.9249,USA,18832416.0,10.0,5944.31,69.77
Nice,France,6.4985,4.475,3.0974999999999997,2.603,6.46,6.051,8.088333333333333,7.234,8.329666666666665,4.4045000000000005,6.423,4.2045,2.648000000000001,6.4719999999999995,4.7795,6.467499999999999,5.5265,43.7034,7.2663,FRA,353701.0,11.41,2457.4,33.72
Nicosia,Cyprus,8.631,6.301,3.407,0.0,1.606,5.491250000000001,7.438666666666665,8.102500000000001,6.758666666666667,2.475,3.672,2.9955,7.507999999999999,2.6545,6.949,7.5055,1.7755,35.1725,33.365,CYP,330000.0,6.32,1449.65,31.45
Oklahoma City,United States,7.261000000000001,6.394,4.1375,0.0,1.399,5.02725,8.671,4.6855,5.976666666666666,3.6245,7.61525,6.5145,4.204,7.689,5.376000000000001,6.022,4.129,35.4676,-97.5136,USA,1000207.0,8.0,3167.94,75.88
Omaha,United States,7.040500000000001,5.994000000000001,4.0120000000000005,0.0,1.4165,2.1277500000000003,8.671,5.5520000000000005,6.893999999999999,4.128,7.876000000000001,6.5145,4.204,6.3065,4.942,5.800999999999999,4.181,41.2627,-96.0529,USA,826161.0,9.0,3772.0,77.46
Orlando,United States,5.778499999999999,5.284,6.5975,2.464,3.7734999999999994,4.33875,8.671,4.134,5.9673333333333325,3.6245,6.676,6.5145,4.772,4.886,5.9295,5.784000000000002,4.492999999999999,28.4773,-81.337,USA,1913597.0,9.0,5192.09,74.52
Osaka,Japan,7.8315,4.819,2.668,2.144,6.201499999999999,5.255000000000001,8.417666666666667,10.0,8.705333333333332,5.589499999999999,5.326750000000001,3.7235,6.0329999999999995,3.724,7.2265,7.189500000000001,5.1875,34.6939,135.5022,JPN,15126000.0,5.36,2322.46,32.15
Oslo,Norway,3.768,1.0380000000000005,5.2090000000000005,3.869,5.177,5.775250000000001,9.635333333333332,7.1065000000000005,7.909999999999998,5.144500000000001,8.42425,7.0735,4.752,7.9705,5.899,7.029999999999999,6.1895,59.9133,10.7389,NOR,709037.0,12.33,3645.72,50.07
Ottawa,Canada,6.700499999999999,6.027,6.055,2.612,1.532,5.4052500000000006,8.966,8.4475,8.011333333333333,5.423500000000001,9.29225,5.8405000000000005,7.2745000000000015,6.267499999999999,6.0920000000000005,8.6295,5.318499999999999,45.4247,-75.695,CAN,1068821.0,8.89,3319.71,59.52
Oulu,Finland,3.7445,0.0,2.3135000000000003,2.575,2.716,6.04075,9.450666666666669,8.458500000000003,7.7013333333333325,5.4544999999999995,8.933000000000002,3.921,4.8785,5.722999999999999,2.006,8.329000000000002,5.072,65.0142,25.4719,FIN,214814.0,10.01,2560.21,25.4
Oxford,United Kingdom,3.65,4.941000000000001,4.551,3.843,7.926000000000001,5.95825,8.991999999999999,8.5685,7.970000000000001,6.638000000000001,7.553750000000001,5.438,5.9545,6.1545000000000005,5.495,8.258000000000001,2.6290000000000004,51.7519,-1.2578,GBR,108600.0,7.69,3300.5,35.67
Paris,France,3.5835,3.664,9.2765,7.513000000000001,10.0,5.330500000000001,8.088333333333333,6.2465,8.207666666666666,7.085,4.36225,4.2045,2.648000000000001,9.716,9.8165,5.579,4.433,48.8567,2.3522,FRA,11060000.0,10.54,2752.34,31.36
Perth,Australia,5.233,4.795,5.127000000000001,3.102,2.1104999999999996,4.695,9.399666666666668,7.1045,8.059333333333331,5.143,8.132500000000002,6.0695000000000014,4.5885,4.1785,4.5115,7.470500000000001,5.6835,-31.9558,115.8597,AUS,2141834.0,9.48,4255.91,53.26
Philadelphia,United States,4.207,4.422000000000001,7.3625,5.215999999999999,3.5559999999999996,4.1315,8.671,3.1329999999999996,6.482666666666664,6.0285,5.1240000000000006,6.5145,3.7785,7.443,8.492,5.864500000000001,4.115,40.0077,-75.1339,USA,5696588.0,8.5,4897.71,67.55
Phnom Penh,Cambodia,8.552000000000001,8.001000000000001,1.4975000000000005,0.0,1.2395,4.68,1.0,6.684,2.984,0.0,2.4482500000000003,5.379999999999999,7.984000000000001,3.3949999999999996,5.407,6.030500000000001,3.4330000000000007,11.5696,104.921,KHM,2129371.0,6.53,303.77,35.25
Phoenix,United States,6.5329999999999995,6.208,6.508500000000001,4.558,3.3025,4.828500000000001,8.671,2.5829999999999997,6.126333333333331,4.590999999999999,4.625249999999999,6.5145,4.488,6.178,6.8100000000000005,5.5649999999999995,6.7355,33.5722,-112.0892,USA,4065338.0,10.0,5090.45,78.04
Phuket,Thailand,8.823,7.602000000000001,2.2445,0.0,1.8075,4.50425,5.6036666666666655,5.7285,6.653666666666665,1.187,3.62425,2.387,6.794500000000001,3.615,4.8134999999999994,5.156000000000001,4.6259999999999994,7.8881,98.3975,THA,79308.0,7.2,475.21,17.91
Pittsburgh,United States,5.963500000000002,4.795,6.5075,3.5809999999999995,1.7379999999999998,4.308,8.671,4.791,6.399666666666666,6.5935,6.874250000000001,6.5145,3.7785,8.669500000000001,6.859,7.390000000000001,4.0685,40.4397,-79.9763,USA,1712828.0,8.75,4143.72,68.05
Porto,Portugal,8.109500000000002,7.422000000000001,4.313000000000001,1.886,3.1115,5.460000000000001,8.238666666666665,7.704500000000001,8.166666666666666,4.449,7.03875,3.483,4.1575,4.4945,5.625,9.5735,5.9485,41.1495,-8.6108,PRT,231800.0,7.38,1035.69,35.72
Quito,Ecuador,9.0165,7.822,2.857500000000001,0.0,0.8900000000000001,4.789250000000001,3.021333333333333,6.968999999999999,6.406333333333332,0.0,4.1762500000000005,3.8855,7.513999999999999,3.4815,4.8015,8.826499999999998,5.499999999999999,-0.22,-78.5125,ECU,1763275.0,7.0,462.19,37.62
Raleigh,United States,6.128500000000001,5.610000000000001,5.497,5.157000000000002,1.757,4.78425,8.671,6.5225,6.677333333333333,7.1165,8.583750000000002,6.5145,4.062,7.9515,6.6129999999999995,7.562000000000001,3.3905000000000003,35.8324,-78.6429,USA,1150010.0,8.0,4947.71,66.42
Reykjavik,Iceland,2.7715,1.0,3.1679999999999997,2.875,1.1349999999999998,5.475,9.36,8.658,8.078999999999999,4.057,8.62375,5.2829999999999995,4.4655000000000005,6.742,5.0205,9.565,4.8035000000000005,64.1458,-21.9425,ISL,139875.0,14.17,3342.89,65.69
Riga,Latvia,8.933000000000002,7.329,4.3505,1.358,2.3725,5.35275,7.363333333333333,7.6255,5.710000000000001,4.090999999999999,6.966,4.094500000000001,5.929,5.841000000000001,7.7065,6.884,5.5265,56.9475,24.1069,LVA,605273.0,7.38,1091.09,17.79
Riyadh,Saudi Arabia,8.6965,7.806000000000001,3.6915,2.022,2.4604999999999997,4.75325,6.103999999999999,7.583000000000001,6.085666666666666,0.5035,3.3512500000000003,7.042,10.0,4.13,5.843500000000001,2.9090000000000007,0.5,24.65,46.71,SAU,7237000.0,6.92,2215.89,72.34
Rome,Italy,5.6025,5.323,4.6745,1.013,6.4335,4.533250000000001,6.189666666666666,6.604500000000001,7.863666666666665,4.157000000000001,4.2764999999999995,3.3625,2.4365,4.491,9.11,6.2215,6.396000000000001,41.8931,12.4828,ITA,2748109.0,9.48,1579.61,29.26
Rotterdam,Netherlands,6.0440000000000005,4.934000000000001,4.4305,2.8299999999999996,8.1805,5.9670000000000005,8.836666666666666,8.268,8.329,4.306500000000001,7.08675,5.053000000000001,4.954999999999999,5.852500000000001,5.427499999999999,8.2805,4.280999999999999,51.92,4.48,NLD,664311.0,8.69,3188.36,42.86
San Luis Obispo,United States,1.7245,0.0,3.828,3.077,1.134,1.3922499999999998,8.671,8.058,5.871333333333332,3.6245,7.392000000000001,6.5145,4.488,7.935500000000001,2.7765,9.666,1.5075000000000005,35.2669,-120.669,USA,48039.0,11.5,3566.67,64.38
Santiago,Chile,8.3815,7.237,6.2305,1.0,2.5355,5.550999999999999,7.765,6.9645,7.066,2.6415000000000006,4.528,3.725,8.929499999999999,1.0,7.556000000000001,7.171500000000001,5.499999999999999,-33.4372,-70.6506,CHL,7171000.0,6.79,638.03,23.72
Santo Domingo,Dominican Republic,9.289,8.076000000000002,2.2274999999999996,0.0,1.003,4.56525,4.412999999999999,5.779,5.026000000000001,0.5,2.3805,6.1135,5.768,4.221,5.796500000000001,5.1095000000000015,3.4175,18.4764,-69.8933,DOM,1128678.0,7.4,459.84,46.85
Sao Paulo,Brazil,8.316,7.823000000000001,6.6225000000000005,4.253000000000001,2.2655,4.412000000000001,2.781,5.2955,5.371999999999999,1.104,2.6535,2.187,2.8525,3.3895000000000004,8.789499999999999,6.8955,7.0775,-23.5504,-46.6339,BRA,23086000.0,6.71,445.67,21.55
Saskatoon,Canada,7.159500000000001,5.042000000000001,3.1145,0.0,1.2585000000000002,5.8055,8.966,6.638000000000001,7.513999999999999,5.344000000000001,7.757999999999999,5.8405000000000005,7.2745000000000015,4.890000000000001,1.0,7.335999999999999,0.5,52.1333,-106.6833,CAN,266141.0,8.89,3239.88,54.66
Seattle,United States,2.291,3.79,8.367,7.551000000000001,2.8845,4.523750000000001,8.671,5.6365,6.309666666666666,5.7145,7.560250000000001,6.5145,4.772,4.940499999999999,8.1155,8.0895,7.2094999999999985,47.6211,-122.3244,USA,3555253.0,11.0,6292.34,71.0
Seoul,South Korea,6.142500000000001,3.698000000000001,5.283500000000001,4.066000000000001,6.155999999999999,5.718999999999999,8.279333333333334,8.305,8.549,6.8655,6.787000000000001,5.561,6.6075,7.637,8.200000000000001,4.484,5.776,37.5667,126.9833,KOR,23016000.0,6.15,2689.62,22.48
Shanghai,China,5.744,7.179,5.7255,9.288,6.862,5.0845,3.8956666666666666,7.2085,6.2059999999999995,5.6995000000000005,2.83875,6.103,1.4959999999999998,2.636,6.6934999999999985,2.741,5.717499999999999,31.2286,121.4747,CHN,24073000.0,5.69,1419.87,17.07
Singapore,Singapore,1.745,3.4890000000000003,9.103000000000002,8.697,2.982,5.42725,9.724666666666666,9.9715,7.682666666666665,8.2465,7.95425,7.478500000000001,9.959,8.447,7.422499999999999,6.494999999999999,5.834,1.3,103.8,SGP,5983000.0,5.92,4619.45,35.02
Skopje,North Macedonia,9.740500000000004,9.11,2.994,0.0,1.678,5.7364999999999995,6.882333333333333,7.2795,6.628666666666668,0.5,2.6492500000000003,4.1225000000000005,9.475,4.520499999999999,6.208000000000001,4.2895,3.302,41.9961,21.4317,MKD,422540.0,4.24,480.82,19.15
Sofia,Bulgaria,9.306,8.55,4.691,3.1550000000000007,2.6665,5.622,5.295333333333333,7.5505,5.586666666666666,2.0145,4.99925,3.2499999999999996,8.720500000000001,6.272500000000001,5.318499999999999,6.740500000000001,4.0565,42.6979,23.3217,BGR,1404116.0,6.41,1005.95,12.8
Stockholm,Sweden,4.865,4.36,6.267,6.229,6.2255,5.685500000000001,9.568999999999996,6.8865,8.039333333333332,6.6675,8.99175,5.694499999999999,2.7495000000000003,7.6135,6.797499999999999,5.719500000000001,4.494,59.3275,18.0547,SWE,995574.0,8.72,3021.18,34.07
Stuttgart,Germany,6.314000000000001,5.673000000000002,3.7565,1.936,5.9645,6.205499999999999,9.072333333333331,8.269500000000003,7.851333333333333,5.0504999999999995,7.225,5.373500000000001,3.9035,5.124,5.556,7.533499999999998,3.9495,48.7775,9.18,DEU,2787724.0,9.64,3411.99,35.23
Sydney,Australia,1.9865,4.128,8.726500000000001,6.427000000000001,3.2849999999999997,4.851,9.399666666666668,7.5710000000000015,8.033666666666665,6.725500000000001,7.81675,6.0695000000000014,4.5885,4.7365,6.2275,7.032500000000001,6.2635,-33.8667,151.2,AUS,4840600.0,9.5,4683.94,50.66
Taipei,Taiwan,7.977,5.644,5.468500000000001,2.7810000000000006,2.5105,5.6065,8.341666666666667,9.542,5.905333333333333,5.589500000000001,6.2357499999999995,6.6354999999999995,7.333,5.2315000000000005,7.2635,8.0435,5.5885,25.0375,121.5625,TWN,2494813.0,4.91,1876.87,25.62
Tallinn,Estonia,8.376500000000002,6.931000000000001,5.356,5.829,1.9704999999999997,5.932500000000001,8.129333333333333,9.4255,7.366333333333333,5.3549999999999995,7.825500000000001,4.1850000000000005,5.341,5.202,7.0235,7.838500000000001,4.5355,59.4372,24.7453,EST,638076.0,7.38,1423.7,27.23
Tampa,United States,5.696,5.253,6.3469999999999995,3.778000000000001,2.9055000000000004,1.40075,8.671,4.706499999999999,6.572999999999999,4.2805,7.37875,6.5145,4.772,7.195,6.433999999999999,5.360000000000001,5.497,27.9945,-82.4447,USA,2906035.0,10.0,5289.14,63.19
Tampere,Finland,6.936,4.622,2.606,2.5490000000000004,2.848,6.3495,9.450666666666669,8.689000000000002,8.316333333333333,5.3895,8.922,3.921,4.8785,5.792000000000001,4.187000000000001,8.290500000000002,4.571000000000001,61.4981,23.76,FIN,334112.0,8.96,2550.2,22.8
Tartu,Estonia,8.961000000000002,7.47,2.778,0.0,1.414,6.441,8.129333333333333,9.3765,8.395,5.4035,9.416,4.1850000000000005,5.341,4.3004999999999995,4.081,7.483,3.4989999999999997,58.38,26.7225,EST,97435.0,6.74,1270.7,27.58
Tashkent,Uzbekistan,5.0,0.0,1.783,0.0,2.7375000000000007,0.0,5.175333333333333,8.9045,3.693333333333333,0.0,6.555499999999999,5.5375,6.0145,1.2425000000000002,3.1760000000000006,6.1705,4.2425,41.3111,69.2797,UZB,3095498.0,3.5,333.39,18.86
Tbilisi,Georgia,9.4905,9.765,3.1485000000000007,0.0,2.2510000000000003,5.64425,7.863333333333332,9.506,5.052333333333334,0.8625,3.19675,4.2525,8.055000000000001,4.087,4.919,8.197499999999998,5.477500000000001,41.7225,44.7925,GEO,1118035.0,7.39,477.11,20.48
Tehran,Iran,8.302999999999999,9.544,4.386500000000001,0.0,3.175,3.7995,4.342666666666666,6.792999999999999,5.312333333333332,0.51,2.9425,3.9435,4.0525,1.5759999999999998,6.521,4.2225,5.499999999999999,35.6889,51.3897,IRN,14148000.0,4.98,294.97,13.96
Thessaloniki,Greece,9.3775,6.6000000000000005,3.250000000000001,0.0,2.2604999999999995,5.91375,6.168999999999999,7.992,7.508999999999999,3.1635,3.33825,3.3199999999999994,4.1665,2.596,7.689000000000002,7.523499999999999,4.665000000000001,40.6403,22.9356,GRC,802572.0,7.38,843.08,31.24
Tokyo,Japan,5.657000000000001,3.431,6.297000000000001,3.962999999999999,8.1515,6.0075,8.377666666666666,10.0,8.82633333333333,6.980500000000001,5.955750000000001,3.7235,6.0329999999999995,4.835000000000001,9.342000000000002,7.194500000000001,6.5225,35.687,139.7495,JPN,37785000.0,5.21,2868.8,32.85
Toronto,Canada,4.66,5.271,9.981,7.602000000000001,4.335000000000001,4.683000000000001,8.966,7.693500000000001,8.063666666666666,7.602500000000001,7.1775,5.8405000000000005,7.2745000000000015,4.383,7.826,7.928000000000002,5.594,43.7417,-79.3733,CAN,5647656.0,9.63,3249.79,54.91
Toulouse,France,7.544,4.552,3.577,2.042,5.1265,5.06775,8.088333333333333,6.967,8.831999999999999,4.442,5.079750000000001,4.2045,2.648000000000001,4.622000000000001,4.1370000000000005,7.6335,3.3040000000000003,43.6045,1.444,FRA,511684.0,9.48,2773.46,32.9
Tunis,Tunisia,9.968,9.998,2.969,0.0,2.6080000000000005,5.614500000000001,6.621666666666667,8.291500000000001,6.2926666666666655,0.5,3.27975,3.0920000000000005,2.599,1.0725,5.742500000000001,4.727,5.365500000000001,36.8064,10.1817,TUN,599368.0,4.65,258.3,19.71
Turin,Italy,8.069500000000001,5.612,3.250000000000001,0.0,3.1495,5.60925,6.189666666666666,6.252000000000001,8.367666666666667,4.1015,3.8855,3.3625,2.4365,2.369,7.061,5.777000000000001,5.705,45.0792,7.6761,ITA,841600.0,9.48,1621.41,29.49
Turku,Finland,7.534000000000002,5.07,1.8795,1.773,3.224,6.7284999999999995,9.450666666666669,9.1755,8.712666666666667,5.347499999999999,9.10475,3.921,4.8785,6.6825,5.0975,7.751499999999999,4.5375,60.4517,22.2669,FIN,202250.0,8.43,2669.49,20.61
Uppsala,Sweden,7.16,5.442,1.4285,0.0,4.7485,5.9750000000000005,9.568999999999996,7.850000000000001,8.152666666666665,5.2044999999999995,8.5815,5.694499999999999,2.7495000000000003,5.854,3.427,6.950500000000001,3.4665,59.8498,17.6389,SWE,174982.0,8.23,2497.29,35.26
Utrecht,Netherlands,5.4665,4.604,3.915,1.9290000000000005,8.0725,5.9902500000000005,8.836666666666666,8.631,8.394,5.5915,8.0955,5.053000000000001,4.954999999999999,6.676,5.373,8.5655,4.6965,52.0908,5.1217,NLD,359370.0,9.56,3299.56,45.04
Valencia,Spain,8.135500000000002,6.872,1.747,2.5829999999999997,3.4840000000000004,5.809000000000001,7.1196666666666655,7.786499999999999,8.885666666666665,4.266000000000001,5.94225,4.296,3.894000000000001,9.14,7.078000000000001,7.935,6.331500000000001,39.47,-0.3764,ESP,1595000.0,8.43,1557.61,34.19
Valletta,Malta,3.1530000000000005,0.0,3.909499999999999,2.148,1.889,0.0,5.377,8.518,8.107,2.8194999999999997,3.77575,5.5395,5.783499999999999,3.2015,5.827,7.562999999999999,4.716999999999999,35.8983,14.5125,MLT,480134.0,9.48,1184.8,53.86
Vancouver,Canada,4.080500000000001,5.259,8.17,5.8420000000000005,2.771,4.93675,8.966,7.5695,8.037666666666665,6.889000000000001,8.42325,5.8405000000000005,7.2745000000000015,4.550500000000001,5.7170000000000005,8.295,7.4,49.25,-123.1,CAN,2426160.0,8.89,3474.89,62.95
Victoria,Canada,5.696,5.703,4.479,2.719,1.4945,5.226000000000001,8.966,7.808000000000001,7.693,5.3815,9.29475,5.8405000000000005,7.2745000000000015,6.194999999999999,4.523000000000001,8.7825,4.3555,48.4283,-123.3647,CAN,363222.0,8.89,3521.25,70.19
Vienna,Austria,6.314000000000001,5.111,5.798000000000001,3.6350000000000007,8.0315,6.21325,7.596,8.5965,8.198,4.854500000000001,9.27,4.663,2.666,6.173,8.521500000000001,8.963999999999999,5.294499999999999,48.2083,16.3725,AUT,2223236.0,9.48,2735.42,34.15
Vilnius,Lithuania,8.621,7.576,4.223,2.8280000000000003,2.105,5.9277500000000005,7.6003333333333325,8.857,6.330666666666666,3.7,8.71775,4.691,6.592499999999999,7.9265,5.198500000000001,7.393,4.106,54.6872,25.28,LTU,581475.0,6.32,1276.18,14.55
Warsaw,Poland,7.8695,8.192,6.121500000000001,1.853,3.864,5.202999999999999,5.7043333333333335,8.6995,6.881666666666666,4.668500000000001,6.388999999999999,4.7615,5.0969999999999995,6.0,7.3355000000000015,4.636000000000001,4.961,52.23,21.0111,POL,2028000.0,6.31,1286.21,13.45
Wellington,New Zealand,5.134499999999999,5.161,2.4715,1.753,0.8525,6.039750000000001,10.0,8.223,8.078333333333331,4.756,9.60925,5.505500000000001,5.9315,5.1745,4.599,8.116000000000001,6.397,-41.2889,174.7772,NZL,216200.0,9.3,3549.49,53.65
Winnipeg,Canada,7.552500000000001,5.882,3.7965,0.0,1.4754999999999998,5.104500000000001,8.966,6.0155,7.755666666666667,5.344000000000001,5.67475,5.8405000000000005,7.2745000000000015,4.902500000000001,4.688,6.659000000000001,4.243,49.8844,-97.1464,CAN,758515.0,8.22,2145.63,60.69
Wroclaw,Poland,8.452,8.434000000000001,3.5860000000000003,2.386,2.2445,4.954750000000001,5.7043333333333335,8.165500000000002,6.7813333333333325,4.161500000000001,4.96475,4.7615,5.0969999999999995,5.761500000000001,4.7495,3.9045,4.085,51.11,17.0325,POL,672929.0,5.63,1030.25,13.22
Yerevan,Armenia,9.6945,9.431,3.9265,0.0,1.7870000000000004,5.64925,6.5009999999999994,8.873000000000001,5.102,0.0,4.439500000000002,3.458,8.055000000000001,3.899999999999999,4.737000000000001,7.346500000000001,7.7765,40.1814,44.5144,ARM,1106300.0,6.32,526.47,19.41
Zagreb,Croatia,8.91,7.193999999999999,4.453,1.775,2.0279999999999996,4.830000000000001,5.720333333333333,8.6575,7.266,3.211,7.331500000000001,2.2365,7.993499999999999,5.0335,4.9945,7.954500000000001,4.809,45.8131,15.9772,HRV,767131.0,6.98,1140.62,25.28
Zurich,Switzerland,1.473,1.0,6.203500000000001,3.872,7.733499999999999,5.839499999999999,8.888,9.0665,7.670333333333332,7.2875,8.642999999999999,6.552,6.4285000000000005,7.2675,4.9655000000000005,8.7845,5.401,47.3744,8.5411,CHE,448664.0,16.03,6782.99,52.59
Austin,United States,4.3345,5.3549999999999995,9.236,6.939000000000001,1.8515000000000004,4.3305,8.671,5.069,6.281666666666666,5.315000000000001,7.03075,6.5145,4.772,9.049,6.6979999999999995,6.7895,3.909,30.3005,-97.7522,USA,1915031.0,8.89,5494.29,65.38
Boston,United States,1.0,4.259,9.565,10.0,3.215,4.39625,8.671,7.742000000000001,6.728999999999998,8.6245,8.1705,6.5145,4.062,5.700500000000001,8.564,8.4815,5.659999999999999,42.3188,-71.0852,USA,4355184.0,10.0,5342.19,60.95
Buffalo,United States,7.0765,5.228000000000001,3.947000000000001,2.7150000000000003,1.511,2.154,8.671,7.1884999999999994,6.457333333333333,4.212,8.329249999999998,6.5145,3.9205,6.757999999999999,4.32,7.404000000000001,4.6465,42.9018,-78.8487,USA,949547.0,10.0,4264.26,73.5
Charleston,United States,4.6370000000000005,3.567,4.92,2.011,1.399,4.62075,8.671,5.0555,6.779666666666666,3.6245,7.276,6.5145,4.062,6.093,6.595000000000001,5.771000000000001,5.0095,32.8168,-79.9687,USA,726389.0,8.5,4122.22,64.62
Charlotte,United States,5.549,4.987,6.247999999999999,2.878,3.679,4.134,8.671,5.347499999999999,6.432333333333333,3.6245,8.009249999999998,6.5145,4.062,6.3870000000000005,5.606,6.7895,1.3115,35.2083,-80.8303,USA,1436613.0,10.0,5101.48,68.86
Cleveland,United States,7.155999999999999,5.595,4.961,3.646,2.077500000000001,4.42125,8.671,3.637,6.755666666666666,4.6185,7.2505,6.5145,3.9205,5.476500000000001,5.696500000000001,4.775499999999999,4.669,41.4764,-81.6805,USA,1679247.0,8.5,4435.33,69.44
Columbus,United States,6.2895,5.746000000000001,5.878500000000001,4.973000000000001,1.663,5.02675,8.671,5.2815,6.406,5.047499999999999,8.166,6.5145,3.9205,4.5535,6.465999999999999,5.9215,4.544999999999999,39.9862,-82.9855,USA,1578153.0,8.75,4403.89,60.74
Dallas,United States,5.259000000000001,6.090999999999999,7.939500000000001,4.9159999999999995,4.746499999999999,4.4704999999999995,8.671,4.3389999999999995,6.086666666666666,4.284,6.693,6.5145,4.772,6.4609999999999985,7.1685,5.294,4.501999999999999,32.7935,-96.7667,USA,5843632.0,8.0,5459.79,69.3
Des Moines,United States,6.850999999999999,6.327,2.912,1.818,1.379,2.0722500000000004,8.671,6.984,6.709,3.6245,8.68225,6.5145,4.346,5.6979999999999995,6.0665,8.4765,3.299500000000001,41.5725,-93.6105,USA,560170.0,8.0,3232.0,68.09
Jacksonville,United States,6.450000000000001,5.359,4.3475,2.545,1.5674999999999997,1.40575,8.671,3.8255,6.199,3.6245,7.12025,6.5145,4.772,6.157500000000001,5.6545000000000005,5.6785000000000005,5.013,30.3322,-81.6749,USA,1303156.0,9.0,4580.33,68.45
Kansas City,United States,6.7075,5.844,2.793999999999999,3.5380000000000007,1.869,1.9725000000000004,8.671,4.422500000000001,6.4496666666666655,3.6245,7.9765,6.5145,4.062,8.188500000000001,6.674500000000001,5.0205,4.161500000000001,39.1238,-94.5541,USA,1686807.0,10.76,2649.6,75.83
Las Vegas,United States,7.0009999999999994,5.7589999999999995,7.515,2.022,3.5285,4.807499999999999,8.671,2.385,5.6353333333333335,3.6245,5.556500000000001,6.5145,4.772,5.3035,6.3685,7.275,5.385,36.2333,-115.2654,USA,2256509.0,8.25,3817.48,90.3
Louisville,United States,7.258,6.358000000000001,4.254,2.293,1.473,1.954,8.671,3.6175,6.162333333333332,3.6245,6.601249999999999,6.5145,4.062,5.526999999999999,5.6935,5.778499999999999,1.3,38.1663,-85.6485,USA,965005.0,8.0,4226.39,60.83
Madison,United States,5.8294999999999995,6.173,4.017,2.9130000000000003,1.2295,5.473750000000001,8.671,7.362000000000001,7.006999999999999,5.385999999999999,9.524,6.5145,4.204,4.9925,4.422000000000001,7.9005,4.3759999999999994,43.0822,-89.393,USA,460255.0,9.0,3535.5,65.92
Memphis,United States,7.1145000000000005,5.829,4.449499999999999,0.0,1.6615000000000002,1.9175,8.671,2.8585000000000003,4.951333333333333,3.6245,4.545249999999999,6.5145,4.772,6.07,6.860499999999999,4.040500000000001,3.5694999999999997,35.1087,-89.9663,USA,1033394.0,8.0,4647.22,72.67
Miami,United States,3.0309999999999997,4.497,8.0225,5.055,4.1690000000000005,4.0527500000000005,8.671,4.321,6.031,4.3945,6.292,6.5145,4.772,5.824,6.7675,6.043500000000001,5.3845,25.784,-80.2101,USA,6113982.0,10.0,4195.86,62.69
Portland,United States,4.138,4.924,6.957,5.899,2.2405,4.9079999999999995,8.671,5.1805,6.317666666666667,4.2155,8.4595,6.5145,3.9205,5.968500000000001,6.2195,8.1595,6.303999999999999,45.5371,-122.65,USA,2084045.0,8.75,4599.72,72.97
Providence,United States,3.1530000000000005,0.0,3.764,1.0,3.0185,2.422,8.671,6.846,6.515,5.3015,5.900499999999999,6.5145,4.204,8.9345,3.9185000000000008,7.49,1.084,41.823,-71.4187,USA,1270529.0,9.75,4266.67,57.8
Richmond,United States,6.439500000000002,5.949,4.2705,2.097,1.38,5.648499999999999,8.671,3.3765,6.4883333333333315,3.6245,6.6217500000000005,6.5145,4.204,7.645499999999999,6.3385,7.151,1.035,37.5295,-77.4756,USA,1081248.0,9.5,5760.89,72.31
Rochester,United States,6.727,5.4879999999999995,4.3355,1.505,1.398,1.90775,8.671,5.899,6.106,4.494999999999999,5.93525,6.5145,3.9205,5.551,5.335,5.9014999999999995,4.404,43.168,-77.6162,USA,694707.0,9.0,4275.0,67.0
Salt Lake City,United States,6.141000000000001,6.172000000000001,6.3,7.09,2.736999999999999,4.573999999999999,8.671,5.657,6.246333333333332,4.2805,6.21575,6.5145,4.204,6.810500000000001,5.932,8.6225,6.641000000000002,40.7776,-111.9311,USA,1169033.0,8.5,4396.98,60.25
San Diego,United States,2.9335,5.156000000000001,8.3505,8.595,2.6220000000000003,4.40975,8.671,6.933,6.519666666666666,5.4575,7.26725,6.5145,4.488,5.999,8.21,8.5395,6.396000000000002,32.8313,-117.1222,USA,3057778.0,10.0,5924.47,74.15
Washington,United States,1.2105,3.5949999999999993,8.774000000000001,8.056,4.505000000000001,4.457000000000001,8.671,2.1915,6.257999999999999,5.968500000000001,6.9937499999999995,6.5145,4.062,3.825500000000001,10.0,6.5495,5.023499999999999,38.9047,-77.0163,USA,5146120.0,9.0,5907.32,56.06
