city,country,housing,cost of living,startups,venture capital,travel connectivity,commute,business freedom,safety,healthcare,education,environmental quality,economy,taxation,internet access,leisure & culture,tolerance,outdoors,lat,lng,iso3,population,mcmeal_combo,avg_monthly_net_salary,internet_60mbps,sun_jan,sun_feb,sun_mar,sun_apr,sun_may,sun_jun,sun_jul,sun_aug,sun_sep,sun_oct,sun_nov,sun_dec,sun_year,temp_jan,temp_feb,temp_mar,temp_apr,temp_may,temp_jun,temp_jul,temp_aug,temp_sep,temp_oct,temp_nov,temp_dec,temp_year
Adelaide,Australia,6.3095,4.692,3.1365,2.64,1.7765000000000004,5.33625,9.399666666666668,7.926000000000001,7.936666666666666,5.1419999999999995,8.330750000000002,6.0695000000000014,4.5885,4.341,4.3285,7.822,5.531000000000001,-34.9275,138.6,AUS,1387290.0,8.65,4144.98,48.5,325.5,285.3,266.6,219.0,167.4,138.0,148.8,186.0,204.0,257.3,273.0,294.5,2765.4,"23.2
(73.8)","23.3
(73.9)","20.9
(69.6)","17.6
(63.7)","13.5
(56.3)","12.1
(53.8)","11.4
(52.5)","12.4
(54.3)","14.4
(57.9)","16.7
(62.1)","19.7
(67.5)","21.3
(70.3)","17.3
(63.1)"
Albuquerque,United States,7.262,6.059,3.772,1.493,1.4555000000000002,5.05575,8.671,1.3435,6.429999999999999,4.151999999999999,7.3195,6.5145,4.346,5.396000000000001,4.890000000000001,7.028499999999999,3.5155,35.1054,-106.6465,USA,767499.0,8.3,5317.78,74.35,234.2,225.3,270.2,304.6,347.4,359.3,335.0,314.2,286.7,281.4,233.8,223.3,3415.4,"2.4
(36.4)","5.2
(41.4)","8.9
(48.1)","13.3
(56.0)","18.7
(65.6)","23.8
(74.9)","25.7
(78.3)","24.6
(76.2)","20.7
(69.3)","14.2
(57.5)","7.2
(44.9)","2.4
(36.3)","14.0
(57.2)"
Almaty,Kazakhstan,9.282,9.333,2.4585,0.0,4.592,5.871249999999999,5.568,7.309,4.5456666666666665,2.283,3.85675,5.269,8.522,2.886,2.9370000000000003,6.5395,5.499999999999999,43.24,76.915,KAZ,2228675.0,5.31,504.8,11.76,118.0,119.0,147.0,194.0,241.0,280.0,306.0,294.0,245.0,184.0,127.0,101.0,2356.0,"−4.7
(23.5)","−3.0
(26.6)","3.4
(38.1)","11.5
(52.7)","16.6
(61.9)","21.6
(70.9)","23.8
(74.8)","23.0
(73.4)","17.6
(63.7)","9.9
(49.8)","2.7
(36.9)","−2.8
(27.0)","10.0
(50.0)"
Amsterdam,Netherlands,3.0529999999999995,3.8240000000000007,7.971500000000001,6.107,8.3245,6.1185,8.836666666666666,8.503500000000003,7.907333333333333,6.18,7.59725,5.053000000000001,4.954999999999999,4.523000000000001,8.874,8.368,5.3069999999999995,52.3728,4.8936,NLD,1477213.0,10.54,3655.44,49.7,63.0,88.0,126.0,183.0,222.0,206.0,217.0,197.0,139.0,109.0,62.0,51.0,1662.0,"3.4
(38.1)","3.5
(38.3)","6.1
(43.0)","9.1
(48.4)","12.9
(55.2)","15.4
(59.7)","17.6
(63.7)","17.5
(63.5)","14.7
(58.5)","11.0
(51.8)","7.1
(44.8)","4.0
(39.2)","10.2
(50.4)"
Anchorage,United States,5.433500000000001,3.141,2.7945,0.0,1.7379999999999998,4.715249999999999,8.671,3.4704999999999995,6.0603333333333325,3.6245,9.272000000000002,6.5145,4.772,4.9645,3.2660000000000005,7.093,5.3580000000000005,61.1508,-149.1091,USA,289069.0,9.5,4312.5,121.27,82.9,120.5,195.8,235.3,288.7,274.7,250.1,203.9,159.8,117.1,80.6,51.8,2061.2,"−8.3
(17.1)","−6.6
(20.2)","−3.0
(26.6)","2.7
(36.8)","8.8
(47.8)","12.9
(55.2)","14.9
(58.8)","13.7
(56.7)","9.2
(48.6)","1.6
(34.8)","−5.4
(22.2)","−7.2
(19.0)","2.8
(37.1)"
Ankara,Turkey,9.928,9.125,3.9725000000000006,0.0,2.0475,5.291,5.948333333333333,7.425000000000002,6.914333333333333,2.0285,2.9360000000000004,4.093500000000001,4.323499999999999,2.3160000000000003,8.638499999999999,4.485500000000001,5.1465,39.93,32.85,TUR,5864049.0,3.89,371.38,8.71,77.5,98.9,161.2,189.0,260.4,306.0,350.3,328.6,276.0,198.4,132.0,71.3,2449.6,"0.4
(32.7)","1.9
(35.4)","6.0
(42.8)","11.3
(52.3)","16.1
(61.0)","20.1
(68.2)","23.6
(74.5)","23.4
(74.1)","18.8
(65.8)","13.0
(55.4)","7.0
(44.6)","2.6
(36.7)","12.0
(53.6)"
Asuncion,Paraguay,9.2265,9.295000000000002,2.207,0.0,0.645,4.968750000000001,3.684,6.9345,5.485333333333333,0.0,3.969,4.109,8.423499999999999,1.479,5.991999999999999,7.051499999999999,3.4845000000000006,-25.2945,-57.6435,PRY,477346.0,4.85,354.73,24.37,276.0,246.0,254.0,228.0,205.0,165.0,195.0,223.0,204.0,242.0,270.0,295.0,2803.0,"27.5
(81.5)","26.9
(80.4)","25.9
(78.6)","22.8
(73.0)","19.8
(67.6)","17.6
(63.7)","17.9
(64.2)","18.6
(65.5)","20.5
(68.9)","23.2
(73.8)","24.9
(76.8)","26.5
(79.7)","22.7
(72.9)"
Athens,Greece,9.052499999999998,6.5,4.404,2.325,3.707,5.2197499999999994,6.168999999999999,6.7585,7.153,3.1624999999999996,3.80225,3.3199999999999994,4.1665,2.2279999999999993,7.876000000000001,6.268000000000001,6.483,37.9842,23.7281,GRC,3059764.0,7.38,960.36,32.2,130.0,134.0,183.0,231.0,291.0,336.0,363.0,341.0,276.0,208.0,153.0,127.0,2773.0,"10.2
(50.4)","10.9
(51.6)","13.2
(55.8)","16.9
(62.4)","21.8
(71.2)","26.6
(79.9)","29.3
(84.7)","29.3
(84.7)","25.0
(77.0)","20.1
(68.2)","15.5
(59.9)","11.5
(52.7)","19.2
(66.6)"
Atlanta,United States,4.9755,5.241,8.835,7.2570000000000014,5.2915,3.89775,8.671,2.6725,6.0233333333333325,6.456999999999999,5.817749999999999,6.5145,4.204,6.4805,7.765499999999999,4.062,5.0095,33.7628,-84.422,USA,5211164.0,8.25,4878.17,73.7,164.0,171.7,220.5,261.2,288.6,284.8,273.8,258.6,227.5,238.5,185.1,164.0,2738.3,"6.4
(43.5)","8.6
(47.4)","12.6
(54.6)","16.7
(62.1)","21.3
(70.3)","25.2
(77.4)","26.9
(80.4)","26.4
(79.5)","23.1
(73.5)","17.4
(63.4)","12.3
(54.1)","7.5
(45.5)","17.0
(62.6)"
Auckland,New Zealand,4.72,4.470000000000001,4.588000000000001,2.79,1.3045000000000004,4.845000000000001,10.0,7.0215,8.162666666666665,5.0465,8.2725,5.505500000000001,5.9315,6.8500000000000005,4.395999999999999,7.402000000000001,5.862,-36.8492,174.7653,NZL,1470100.0,9.62,3978.79,54.87,228.8,194.9,189.2,157.3,139.8,110.3,128.1,142.9,148.6,178.1,188.1,197.2,2003.1,"19.1
(66.4)","19.7
(67.5)","18.4
(65.1)","16.1
(61.0)","14.0
(57.2)","11.8
(53.2)","10.9
(51.6)","11.3
(52.3)","12.7
(54.9)","14.2
(57.6)","15.7
(60.3)","17.8
(64.0)","15.2
(59.4)"
Baku,Azerbaijan,9.745,9.806,2.6704999999999997,0.0,2.1690000000000005,5.492,5.671666666666666,8.772,3.701999999999999,0.0,2.62125,3.8765,5.861,1.4420000000000002,6.2195,6.584500000000001,4.503,40.3667,49.8352,AZE,2300500.0,5.74,405.72,14.73,89.9,89.0,124.0,195.0,257.3,294.0,313.1,282.1,222.0,145.7,93.0,102.3,2207.4,"4.4
(39.9)","4.2
(39.6)","7.0
(44.6)","12.9
(55.2)","18.5
(65.3)","23.5
(74.3)","26.4
(79.5)","26.3
(79.3)","22.5
(72.5)","16.6
(61.9)","11.2
(52.2)","7.3
(45.1)","15.1
(59.2)"
Baltimore,United States,4.829999999999999,4.982,0.0,4.3580000000000005,3.6665,4.93475,5.502000000000001,2.373,6.870666666666666,5.8805,5.784500000000001,6.5145,4.062,4.988,0.0,5.755,3.9795,39.3051,-76.6144,USA,2189589.0,9.0,5188.03,78.91,155.4,164.0,215.0,230.7,254.5,277.3,290.1,264.4,221.8,205.5,158.5,144.5,2581.7,"0.8
(33.5)","2.4
(36.4)","6.8
(44.2)","12.4
(54.3)","17.6
(63.6)","22.8
(73.0)","25.3
(77.6)","24.3
(75.7)","20.2
(68.4)","13.7
(56.7)","8.3
(47.0)","2.9
(37.3)","13.1
(55.6)"
Bangkok,Thailand,7.3935,7.222,6.119,3.453,4.112,4.293500000000001,5.6036666666666655,7.0365,7.126666666666665,1.6915,3.37125,2.387,6.794500000000001,4.826499999999999,9.089,6.019,6.494000000000001,13.7525,100.4942,THA,18007000.0,5.76,629.84,15.46,272.5,249.9,269.0,256.7,216.4,178.0,171.8,160.3,154.9,198.1,234.2,262.0,2623.8,"27.0
(80.6)","28.3
(82.9)","29.5
(85.1)","30.5
(86.9)","29.9
(85.8)","29.5
(85.1)","29.0
(84.2)","28.8
(83.8)","28.3
(82.9)","28.1
(82.6)","27.8
(82.0)","26.5
(79.7)","28.6
(83.5)"
Barcelona,Spain,6.3229999999999995,6.074000000000001,7.7585000000000015,5.655,5.806,5.69925,7.1196666666666655,7.407499999999999,8.403333333333332,5.029000000000002,3.6655000000000006,4.296,3.894000000000001,6.467999999999999,8.591499999999998,7.471500000000001,5.827999999999999,41.3833,2.1833,ESP,4800000.0,9.48,1978.23,40.15,158.0,171.0,206.0,239.0,258.0,287.0,293.0,264.0,229.0,196.0,153.0,137.0,2591.0,"11.8
(53.2)","12.4
(54.3)","14.2
(57.6)","15.8
(60.4)","19.3
(66.7)","23.0
(73.4)","25.7
(78.3)","26.1
(79.0)","23.0
(73.4)","19.5
(67.1)","14.9
(58.8)","12.3
(54.1)","18.2
(64.8)"
Beijing,China,6.173000000000001,8.101,4.872,9.562,7.0175,4.83675,3.815333333333333,7.066,6.423333333333333,7.971000000000002,2.0555000000000003,6.103,1.4260000000000002,3.493,7.2685,2.822,4.9435,39.9067,116.3975,CHN,18522000.0,5.69,1562.35,20.83,194.1,194.7,231.8,251.9,283.4,261.4,212.4,220.9,232.1,222.1,185.3,180.7,2670.8,"−3.1
(26.4)","0.3
(32.5)","6.7
(44.1)","14.8
(58.6)","20.8
(69.4)","24.9
(76.8)","26.7
(80.1)","25.5
(77.9)","20.8
(69.4)","13.7
(56.7)","5.0
(41.0)","−0.9
(30.4)","12.9
(55.2)"
Beirut,Lebanon,6.655500000000001,6.3,3.4094999999999995,0.0,1.3045000000000004,4.77275,4.329,6.833,6.1593333333333335,1.0035,1.449,3.4345000000000003,8.2805,1.5905,3.3995,4.184,3.842000000000001,33.8981,35.5058,LBN,2421354.0,6.1,370.25,65.01,133.0,148.0,194.0,246.0,312.0,352.0,361.0,333.0,288.0,246.0,202.0,149.0,2944.0,"14.0
(57.2)","14.0
(57.2)","16.0
(60.8)","18.7
(65.7)","21.7
(71.1)","24.9
(76.8)","27.1
(80.8)","27.8
(82.0)","26.8
(80.2)","24.1
(75.4)","19.5
(67.1)","15.8
(60.4)","20.9
(69.6)"
Belgrade,Serbia,9.2575,8.546000000000001,4.9095,2.333,2.1365000000000003,5.578250000000001,5.383999999999999,6.6995000000000005,6.0103333333333335,0.5,4.88325,1.638,4.1665,3.863,6.497,7.387,5.078,44.8178,20.4569,SRB,1197714.0,7.18,669.56,24.23,72.0,102.0,153.0,188.0,242.0,261.0,291.0,274.0,204.0,163.0,97.0,65.0,2112.0,"1.4
(34.5)","3.1
(37.6)","7.6
(45.7)","12.9
(55.2)","18.1
(64.6)","21.0
(69.8)","23.0
(73.4)","22.7
(72.9)","18.0
(64.4)","12.9
(55.2)","7.1
(44.8)","2.7
(36.9)","12.5
(54.5)"
Bergen,Norway,5.229499999999999,1.805,2.207,1.0,3.2425000000000006,5.8875,9.635333333333332,7.7075,7.646666666666667,4.8395,7.539250000000001,7.0735,4.752,6.537000000000001,4.4875,7.6145,4.3134999999999994,60.3925,5.3233,NOR,291189.0,12.33,3218.31,50.09,19.0,56.0,94.0,147.0,186.0,189.0,167.0,144.0,86.0,60.0,27.0,12.0,1187.0,"1.5
(34.7)","1.6
(34.9)","3.3
(37.9)","5.9
(42.6)","10.5
(50.9)","13.5
(56.3)","14.5
(58.1)","14.4
(57.9)","11.5
(52.7)","8.7
(47.7)","4.7
(40.5)","2.6
(36.7)","7.7
(45.9)"
Berlin,Germany,6.3950000000000005,5.524,9.085,7.820000000000001,7.024999999999999,6.1960000000000015,9.072333333333331,7.251500000000001,7.990666666666666,7.019000000000001,6.771500000000001,5.373500000000001,3.9035,4.677999999999999,8.881,7.177499999999998,5.475000000000001,52.52,13.405,DEU,4679500.0,9.48,3158.05,40.24,47.0,74.0,121.0,159.0,220.0,222.0,217.0,211.0,156.0,112.0,51.0,37.0,1626.0,"0.6
(33.1)","2.3
(36.1)","5.1
(41.2)","10.2
(50.4)","14.8
(58.6)","17.9
(64.2)","20.3
(68.5)","19.7
(67.5)","15.3
(59.5)","10.5
(50.9)","6.0
(42.8)","1.3
(34.3)","10.3
(50.5)"
Bogota,Colombia,9.0275,9.079999999999998,5.7085,1.259,1.889,4.964,6.348666666666665,6.222000000000001,6.301666666666667,1.534,4.3475,4.5945,1.8515000000000004,2.9760000000000004,6.215,8.555499999999999,7.477,4.7111,-74.0722,COL,8034649.0,4.62,299.87,19.69,156.0,128.0,107.0,88.0,83.0,94.0,114.0,117.0,109.0,96.0,103.0,138.0,1328.0,"14.3
(57.7)","14.5
(58.1)","14.9
(58.8)","14.9
(58.8)","15.0
(59.0)","14.5
(58.1)","14.6
(58.3)","14.1
(57.4)","14.3
(57.7)","14.3
(57.7)","14.4
(57.9)","14.6
(58.3)","14.4
(57.9)"
Boise,United States,6.9635,6.578,4.205,2.5960000000000005,1.3235,5.2250000000000005,8.671,4.3605,6.797333333333332,3.6245,8.069500000000001,6.5145,4.062,3.442,4.1995,6.9275,5.221,43.6005,-116.2308,USA,449428.0,8.55,3833.33,64.07,109.3,151.9,238.6,281.4,335.5,351.6,399.8,358.8,303.6,238.1,119.6,105.2,2993.4,"−0.4
(31.3)","2.5
(36.5)","6.9
(44.5)","10.4
(50.8)","15.1
(59.1)","19.7
(67.5)","24.3
(75.8)","23.7
(74.7)","18.3
(64.9)","11.6
(52.8)","4.4
(40.0)","−0.7
(30.7)","11.4
(52.5)"
Bratislava,Slovakia,7.874499999999999,7.618,3.487,0.0,4.890000000000001,5.8115000000000006,6.188666666666666,8.618,6.751999999999999,3.2975,6.199999999999999,4.4705,4.937,4.583500000000001,6.186,6.432499999999999,4.8575,48.1447,17.1128,SVK,475503.0,7.38,1279.31,20.04,65.0,82.0,152.0,204.0,264.0,270.0,276.0,270.0,207.0,143.0,60.0,47.0,2038.0,"−0.4
(31.3)","1.2
(34.2)","5.5
(41.9)","11.0
(51.8)","16.0
(60.8)","19.1
(66.4)","21.3
(70.3)","20.7
(69.3)","15.9
(60.6)","10.4
(50.7)","4.9
(40.8)","0.7
(33.3)","10.5
(50.9)"
Brisbane,Australia,5.212,5.1770000000000005,6.343,3.24,2.4345,4.617750000000001,9.399666666666668,7.903500000000001,8.317666666666666,5.920999999999999,8.82775,6.0695000000000014,4.5885,4.407500000000001,4.01,7.489500000000001,6.256500000000002,-27.4678,153.0281,AUS,2706966.0,8.83,4082.97,51.29,263.5,223.2,232.5,234.0,235.6,198.0,238.7,266.6,270.0,275.9,270.0,265.4,2968.4,"25.8
(78.4)","25.7
(78.3)","24.5
(76.1)","22.3
(72.1)","19.1
(66.4)","16.8
(62.2)","16.0
(60.8)","17.0
(62.6)","19.7
(67.5)","21.7
(71.1)","23.5
(74.3)","24.8
(76.6)","21.4
(70.5)"
Brussels,Belgium,6.3549999999999995,4.477,5.6915,3.3739999999999997,7.4675,5.386750000000001,8.876999999999999,6.703,8.158333333333333,6.6530000000000005,4.591000000000001,4.8115000000000006,1.883,7.5715,8.143999999999998,6.481,4.123,50.8467,4.3525,BEL,1249597.0,9.48,2798.0,51.82,59.0,77.0,114.0,159.0,191.0,188.0,201.0,190.0,143.0,113.0,66.0,45.0,1546.0,"3.3
(37.9)","3.7
(38.7)","6.8
(44.2)","9.8
(49.6)","13.6
(56.5)","16.2
(61.2)","18.4
(65.1)","18.0
(64.4)","14.9
(58.8)","11.1
(52.0)","6.8
(44.2)","3.9
(39.0)","10.5
(50.9)"
Bucharest,Romania,9.186500000000002,8.516,5.383,1.187,3.4955,5.072500000000001,5.681666666666667,8.985999999999999,6.075333333333333,2.4475,3.41925,4.103,6.8389999999999995,9.638,6.959499999999999,8.686500000000002,1.9675,44.4325,26.1039,ROU,2412530.0,5.78,948.86,8.37,71.0,85.0,140.0,186.0,245.0,267.0,288.0,282.0,225.0,177.0,87.0,62.0,2115.0,"−1.3
(29.7)","0.4
(32.7)","5.4
(41.7)","11.2
(52.2)","16.8
(62.2)","20.6
(69.1)","22.5
(72.5)","22.0
(71.6)","16.9
(62.4)","11.0
(51.8)","4.7
(40.5)","0.2
(32.4)","10.8
(51.4)"
Budapest,Hungary,8.570500000000001,7.948,5.4935,2.8040000000000003,4.426500000000001,5.395000000000001,6.707999999999999,8.218499999999999,5.745999999999999,3.693,5.2875,4.946,6.1075,6.759,8.253000000000002,7.228,5.112000000000001,47.4983,19.0408,HUN,1686222.0,5.66,974.48,12.82,62.0,93.0,137.0,177.0,234.0,250.0,271.0,255.0,187.0,141.0,69.0,52.0,1988.0,"0.4
(32.7)","2.3
(36.1)","6.1
(43.0)","12.0
(53.6)","16.6
(61.9)","19.7
(67.5)","21.5
(70.7)","21.2
(70.2)","16.9
(62.4)","11.8
(53.2)","5.4
(41.7)","1.8
(35.2)","11.3
(52.3)"
Buenos Aires,Argentina,8.812000000000001,7.763999999999999,4.672999999999999,2.3100000000000005,3.77,4.9235,4.045333333333334,6.0395,6.978999999999998,1.422,4.869,2.884,1.568,1.5275,7.6735,8.584000000000001,4.535500000000001,-34.6036,-58.3814,ARG,16710000.0,5.0,403.51,21.87,279.0,240.8,229.0,220.0,173.6,132.0,142.6,173.6,189.0,227.0,252.0,266.6,2525.2,"24.9
(76.8)","23.6
(74.5)","21.9
(71.4)","17.9
(64.2)","14.5
(58.1)","11.7
(53.1)","11.0
(51.8)","12.8
(55.0)","14.6
(58.3)","17.9
(64.2)","20.7
(69.3)","23.3
(73.9)","17.9
(64.2)"
Cairo,Egypt,10.0,10.0,5.0985000000000005,2.958,3.7575,3.99025,5.7906666666666675,6.791,4.0409999999999995,0.5,1.1555000000000002,2.978,5.101,2.405,6.1855,2.6500000000000004,0.5,30.0444,31.2358,EGY,20296000.0,4.07,200.4,16.37,229.4,234.9,279.0,306.0,331.7,363.0,372.0,356.5,318.0,294.5,246.0,210.8,3541.8,"13.6
(56.5)","14.9
(58.8)","16.9
(62.4)","21.2
(70.2)","24.5
(76.1)","27.3
(81.1)","27.6
(81.7)","27.4
(81.3)","26
(79)","23.3
(73.9)","18.9
(66.0)","15
(59)","21.4
(70.5)"
Calgary,Canada,6.495000000000001,5.417999999999999,5.9495000000000005,2.0359999999999996,2.514,5.157500000000001,8.966,7.923,8.026333333333334,5.5550000000000015,8.191499999999998,5.8405000000000005,7.2745000000000015,5.6705000000000005,4.268,8.1105,7.504499999999999,51.05,-114.0667,CAN,1306784.0,8.89,3807.94,64.35,119.5,144.6,177.2,220.2,249.4,269.9,314.1,284.0,207.0,175.4,121.1,114.0,2396.3,"−7.1
(19.2)","−5.4
(22.3)","−1.6
(29.1)","4.6
(40.3)","9.7
(49.5)","13.7
(56.7)","16.5
(61.7)","15.8
(60.4)","11.0
(51.8)","5.2
(41.4)","−2.4
(27.7)","−6.8
(19.8)","4.4
(39.9)"
Cape Town,South Africa,6.7635000000000005,7.955,5.611000000000001,3.725,2.1630000000000003,3.8425,4.732,5.327999999999999,4.343,0.8945000000000001,6.6085,2.7680000000000007,5.151,5.612500000000001,4.736000000000001,3.6605,6.750500000000001,-33.9253,18.4239,ZAF,4770313.0,3.99,1254.87,46.26,337.9,297.4,292.9,233.5,205.3,175.4,193.1,212.1,224.7,277.7,309.8,334.2,3094.0,"20.4
(68.7)","20.4
(68.7)","19.2
(66.6)","16.9
(62.4)","14.4
(57.9)","12.5
(54.5)","11.9
(53.4)","12.4
(54.3)","13.7
(56.7)","15.6
(60.1)","17.9
(64.2)","19.5
(67.1)","16.2
(61.2)"
Caracas,Venezuela,4.9025,9.82,3.0535,0.0,1.3235,4.544250000000001,1.0,5.221,4.178333333333334,0.0,2.2725,1.978,4.180000000000001,1.6415000000000002,4.38,4.5504999999999995,4.0985,10.4806,-66.9036,VEN,3242000.0,10.0,185.12,49.38,229.4,217.5,235.6,183.0,182.9,183.0,210.8,217.0,213.0,210.8,210.0,213.9,2506.9,"20.2
(68.4)","20.8
(69.4)","21.7
(71.1)","22.7
(72.9)","23.2
(73.8)","22.6
(72.7)","22.2
(72.0)","22.3
(72.1)","22.7
(72.9)","22.4
(72.3)","22.0
(71.6)","20.7
(69.3)","22.0
(71.6)"
Chicago,United States,3.702,4.766000000000001,9.513,8.368,5.5075,4.57975,8.671,3.832,6.215999999999998,7.999,6.8045,6.5145,4.062,6.599499999999999,8.193,6.1339999999999995,5.4155,41.8375,-87.6866,USA,8489066.0,10.0,4819.49,62.56,135.8,136.2,187.0,215.3,281.9,311.4,318.4,283.0,226.6,193.2,113.3,106.3,2508.4,"−4.6
(23.7)","−2.4
(27.7)","3.2
(37.7)","9.4
(48.9)","15.0
(59.0)","20.5
(68.9)","23.3
(73.9)","22.4
(72.3)","18.1
(64.5)","11.4
(52.5)","4.6
(40.3)","−2.4
(27.7)","9.8
(49.7)"
Chisinau,Moldova,9.6765,9.343,3.0535,0.0,1.6025,5.495,5.443333333333333,7.627999999999999,5.065999999999999,1.3995,4.3382499999999995,3.9765000000000006,6.2325,5.3615,2.7120000000000006,6.646999999999999,3.121,47.0228,28.8353,MDA,639000.0,4.87,448.7,9.02,75.0,80.0,125.0,187.0,254.0,283.0,299.0,295.0,226.0,169.0,75.0,58.0,2126.0,"−1.9
(28.6)","−0.8
(30.6)","3.7
(38.7)","10.4
(50.7)","16.5
(61.7)","19.9
(67.8)","22.1
(71.8)","21.7
(71.1)","16.3
(61.3)","10.5
(50.9)","4.1
(39.4)","−0.6
(30.9)","10.2
(50.4)"
Christchurch,New Zealand,6.934000000000001,5.096,1.5355000000000003,0.0,0.8334999999999999,5.51775,10.0,7.584999999999999,8.312333333333333,4.756,9.2565,5.505500000000001,5.9315,5.922,3.223500000000001,8.403500000000001,6.269,-43.5311,172.6361,NZL,383200.0,8.34,3327.32,49.09,224.4,190.5,177.4,155.6,133.3,117.7,124.8,149.0,166.6,201.3,215.3,214.3,2070.2,"17.5
(63.5)","17.2
(63.0)","15.5
(59.9)","12.7
(54.9)","9.8
(49.6)","7.1
(44.8)","6.6
(43.9)","7.9
(46.2)","10.3
(50.5)","12.2
(54.0)","14.1
(57.4)","16.1
(61.0)","12.2
(54.0)"
Copenhagen,Denmark,4.227,3.426,6.206999999999999,4.467,6.3,6.2955000000000005,9.94,9.1525,7.985333333333334,5.301,8.27225,4.886500000000001,5.0680000000000005,7.239500000000001,7.063000000000001,9.0955,4.671000000000001,55.6805,12.5615,DNK,1366301.0,12.05,3670.25,37.29,56.0,83.0,152.0,226.0,271.0,260.0,246.0,231.0,175.0,107.0,60.0,45.0,1912.0,"1.4
(34.5)","1.4
(34.5)","3.5
(38.3)","7.7
(45.9)","12.5
(54.5)","15.6
(60.1)","18.1
(64.6)","17.7
(63.9)","13.9
(57.0)","9.8
(49.6)","5.5
(41.9)","2.5
(36.5)","9.1
(48.4)"
Curitiba,Brazil,9.4295,8.433,2.912,2.148,0.8900000000000001,4.950250000000001,2.781,5.9465,5.897,1.0165000000000002,7.75725,2.187,2.8525,3.1420000000000003,7.1875,7.848000000000001,2.6655,-25.4297,-49.2719,BRA,1773718.0,5.75,492.89,22.55,160.5,151.3,163.1,155.5,148.8,141.3,162.1,173.0,124.3,136.7,163.5,164.7,1844.8,"20.4
(68.7)","20.6
(69.1)","19.6
(67.3)","17.2
(63.0)","14.5
(58.1)","13.1
(55.6)","12.9
(55.2)","14.1
(57.4)","15.0
(59.0)","16.5
(61.7)","18.2
(64.8)","19.3
(66.7)","16.8
(62.2)"
Dar es Salaam,Tanzania,7.652000000000001,8.026,2.6875000000000004,3.191,1.4535,2.07575,3.2886666666666664,6.1005,3.238666666666667,0.0,2.0802500000000004,5.499999999999999,4.497000000000001,1.11,1.205,2.7665,4.3535,-6.8161,39.2803,TZA,7962000.0,6.64,264.32,44.53,251.0,241.0,217.0,156.0,192.0,231.0,251.0,242.0,243.0,254.0,270.0,287.0,2815.0,"27.4
(81.3)","27.7
(81.9)","27.4
(81.3)","26.5
(79.7)","25.5
(77.9)","24.2
(75.6)","23.5
(74.3)","23.7
(74.7)","24.3
(75.7)","25.3
(77.5)","26.3
(79.3)","27.3
(81.1)","25.8
(78.4)"
Denver,United States,3.8375,5.102,7.8645,6.117,4.243,4.530000000000001,8.671,5.371,6.220333333333333,3.6245,7.11675,6.5145,4.346,5.418500000000001,6.2235,7.860499999999999,7.932999999999999,39.762,-104.8758,USA,2691349.0,9.4,5565.78,73.23,215.3,211.1,255.6,276.2,290.0,315.3,325.0,306.4,272.3,249.2,194.3,195.9,3106.6,"−0.3
(31.4)","0.8
(33.4)","4.8
(40.7)","8.9
(48.0)","14.2
(57.6)","19.7
(67.4)","23.4
(74.1)","22.3
(72.1)","17.3
(63.2)","10.4
(50.7)","3.8
(38.9)","−0.9
(30.3)","10.4
(50.7)"
Detroit,United States,6.223000000000001,6.032,5.4015,5.183999999999999,3.6405,0.933,8.671,4.4615,5.786333333333332,5.8185,4.04675,6.5145,3.7785,6.167000000000002,7.478,3.678,5.387499999999999,42.3834,-83.1024,USA,3716929.0,8.75,3926.67,72.0,119.9,138.3,184.9,217.0,275.9,301.8,317.0,283.5,227.6,176.0,106.3,87.7,2435.9,"−3.7
(25.3)","−2.3
(27.9)","2.7
(36.9)","9.4
(49.0)","15.2
(59.4)","20.7
(69.2)","23.0
(73.4)","22.1
(71.8)","17.9
(64.2)","11.2
(52.2)","5.2
(41.3)","−1.2
(29.9)","10.0
(50.0)"
Dublin,Ireland,2.5124999999999997,4.005000000000001,5.651,6.204,4.7615,5.44625,8.345666666666666,7.121499999999999,6.8103333333333325,5.6065,6.5015,7.514500000000001,6.254999999999999,8.3435,7.134500000000001,7.328,5.664,53.3497,-6.2603,IRL,592713.0,10.01,3177.2,59.14,59.0,75.0,109.0,160.0,195.0,179.0,164.0,157.0,129.0,103.0,71.0,53.0,1453.0,"5.3
(41.5)","5.3
(41.5)","6.8
(44.2)","8.3
(46.9)","10.9
(51.6)","13.6
(56.5)","15.6
(60.1)","15.3
(59.5)","13.4
(56.1)","10.5
(50.9)","7.4
(45.3)","5.6
(42.1)","9.8
(49.6)"
Edinburgh,United Kingdom,5.8450000000000015,5.114,4.109,3.3369999999999997,5.185,5.967500000000001,8.991999999999999,8.485,8.552333333333332,6.092500000000001,7.763,5.438,5.9545,5.1755,7.200500000000001,7.922000000000001,5.131,55.95,-3.1833,GBR,488050.0,7.38,2761.09,34.38,54.0,79.0,115.0,145.0,188.0,166.0,172.0,162.0,129.0,101.0,71.0,46.0,1427.0,"4.2
(39.6)","4.5
(40.1)","6.2
(43.2)","8.1
(46.6)","10.8
(51.4)","13.5
(56.3)","15.3
(59.5)","15.2
(59.4)","13.0
(55.4)","9.8
(49.6)","6.7
(44.1)","4.2
(39.6)","9.3
(48.7)"
Edmonton,Canada,6.729500000000001,5.522,4.6240000000000006,2.392,1.9019999999999997,5.09725,8.966,7.1175000000000015,8.269,5.948,8.17575,5.8405000000000005,7.2745000000000015,4.609999999999999,3.974,7.9255,3.385,53.5344,-113.4903,CAN,1151635.0,8.89,3403.02,59.09,100.8,121.7,176.3,244.2,279.9,285.9,307.5,282.3,192.7,170.8,98.4,84.5,2344.8,"−10.4
(13.3)","−7.6
(18.3)","−2.5
(27.5)","5.4
(41.7)","11.5
(52.7)","15.5
(59.9)","17.7
(63.9)","16.9
(62.4)","11.4
(52.5)","5.1
(41.2)","−4.1
(24.6)","−8.8
(16.2)","4.2
(39.6)"
Frankfurt,Germany,5.957,5.143,3.768,3.398999999999999,8.529,5.923,9.072333333333331,6.8375,7.707333333333334,5.2065,6.4755,5.373500000000001,3.9035,4.079,6.492,7.0345,5.384,50.1106,8.6822,DEU,775790.0,9.05,3365.64,38.65,50.0,80.0,121.0,178.0,211.0,219.0,233.0,219.0,156.0,103.0,51.0,41.0,1662.0,"1.6
(34.9)","2.4
(36.3)","6.4
(43.5)","10.3
(50.5)","14.7
(58.5)","17.8
(64.0)","20
(68)","19.5
(67.1)","15.2
(59.4)","10.4
(50.7)","5.6
(42.1)","2.5
(36.5)","10.6
(51.1)"
Helsinki,Finland,5.396000000000001,4.121,5.683,5.507,4.7505,5.77925,9.450666666666669,8.674000000000001,7.953666666666665,5.4544999999999995,9.301,3.921,4.8785,5.1034999999999995,7.054500000000001,7.501500000000001,4.797999999999999,60.1708,24.9375,FIN,1360075.0,9.72,2874.65,22.85,38.0,70.0,138.0,194.0,284.0,297.0,291.0,238.0,150.0,93.0,36.0,29.0,1858.0,"−3.9
(25.0)","−4.7
(23.5)","−1.3
(29.7)","3.9
(39.0)","10.2
(50.4)","14.6
(58.3)","17.8
(64.0)","16.3
(61.3)","11.5
(52.7)","6.6
(43.9)","1.6
(34.9)","−2.0
(28.4)","5.9
(42.6)"
Ho Chi Minh City,Vietnam,8.618,8.844000000000001,4.93,1.7390000000000003,2.08,5.1835,4.101666666666666,6.767500000000001,5.540333333333333,4.116499999999999,1.4197499999999998,4.8345,5.045,4.565,5.874000000000001,5.943499999999999,1.2575,10.7756,106.7019,VNM,15136000.0,4.08,487.51,11.48,245.0,246.0,272.0,239.0,195.0,171.0,180.0,172.0,162.0,182.0,200.0,226.0,2489.0,"26.0
(78.8)","26.8
(80.2)","28.0
(82.4)","29.2
(84.6)","28.8
(83.8)","27.8
(82.0)","27.5
(81.5)","27.4
(81.3)","27.2
(81.0)","27.0
(80.6)","26.7
(80.1)","26.0
(78.8)","27.4
(81.3)"
Honolulu,United States,2.3415000000000004,2.867,4.1335,0.0,1.983,4.1617500000000005,8.671,6.8565000000000005,6.430999999999997,4.2805,6.094000000000001,6.5145,4.204,6.158,7.622999999999999,7.774000000000001,5.917500000000001,21.3294,-157.846,USA,346323.0,10.0,4091.19,66.61,213.5,212.7,259.2,251.8,280.6,286.1,306.2,303.1,278.8,244.0,200.4,199.5,3035.9,"22.9
(73.2)","22.9
(73.2)","23.7
(74.7)","24.6
(76.3)","25.6
(78.1)","26.8
(80.2)","27.4
(81.3)","27.8
(82.0)","27.6
(81.7)","26.8
(80.2)","25.4
(77.7)","23.8
(74.8)","25.4
(77.7)"
Houston,United States,5.224500000000001,6.162,7.9345,4.474,4.338500000000001,4.03075,8.671,3.1289999999999996,6.379,4.928,5.304500000000001,6.5145,4.772,6.248499999999999,7.144,5.34,5.385999999999999,29.786,-95.3885,USA,6046392.0,9.0,5063.25,73.91,143.4,155.0,192.5,209.8,249.2,281.3,293.9,270.5,236.5,228.8,168.3,148.7,2577.9,"11.5
(52.7)","13.3
(56.0)","16.9
(62.4)","20.7
(69.2)","24.8
(76.6)","27.7
(81.9)","28.9
(84.0)","29.0
(84.2)","26.3
(79.4)","21.7
(71.1)","16.6
(61.9)","12.3
(54.1)","20.8
(69.4)"
Indianapolis,United States,6.266,5.478,5.503,3.96,1.6815000000000002,4.85875,8.671,3.968,6.151333333333332,3.6245,6.1605,6.5145,4.062,5.875500000000001,7.299,6.869999999999999,3.965,39.7771,-86.1458,USA,1740984.0,8.0,4562.61,72.62,132.1,145.7,178.3,214.8,264.7,287.2,295.2,273.7,232.6,196.6,117.1,102.4,2440.4,"−2.2
(28.1)","0.1
(32.2)","5.7
(42.3)","11.8
(53.2)","17.2
(62.9)","22.3
(72.2)","24.2
(75.5)","23.5
(74.3)","19.5
(67.1)","12.9
(55.2)","6.6
(43.8)","−0.1
(31.8)","11.8
(53.2)"
Istanbul,Turkey,9.1375,8.787,6.9535,2.111,5.8355,4.06575,5.948333333333333,6.8935,6.839999999999998,2.1525,3.40475,4.093500000000001,4.323499999999999,3.5005,10.0,3.8925,5.7435,41.0136,28.955,TUR,14441000.0,4.29,383.04,8.9,71.0,88.0,133.0,180.0,251.0,300.0,322.0,295.0,243.0,164.0,102.0,68.0,2218.0,"5.7
(42.3)","5.7
(42.3)","7.0
(44.6)","11.1
(52.0)","15.7
(60.3)","20.4
(68.7)","22.9
(73.2)","23.1
(73.6)","19.8
(67.6)","15.6
(60.1)","11.5
(52.7)","8.0
(46.4)","13.9
(57.0)"
Jakarta,Indonesia,8.671,8.471,5.649500000000001,6.437,2.4885000000000006,3.640000000000001,4.028666666666666,7.0005,4.183999999999999,1.0275,2.4857500000000003,4.657500000000001,6.266,4.498999999999999,8.146,2.0665,7.202000000000001,-6.175,106.8275,IDN,33756000.0,3.57,509.12,31.57,189.1,180.8,238.7,255.0,260.4,255.0,282.1,294.5,300.7,279.0,231.0,217.0,2983.3,"26.1
(79.0)","26.1
(79.0)","26.4
(79.5)","27.0
(80.6)","27.2
(81.0)","26.7
(80.1)","26.4
(79.5)","26.7
(80.1)","27.0
(80.6)","27.2
(81.0)","27.0
(80.6)","26.4
(79.5)","26.7
(80.1)"
Johannesburg,South Africa,8.012,7.575000000000001,4.937499999999999,1.467,3.2030000000000003,3.91575,4.732,5.165500000000001,3.6486666666666663,0.7585,4.325500000000001,2.7680000000000007,5.151,2.8375,4.4014999999999995,3.6605,2.9560000000000004,-26.2044,28.0456,ZAF,7860781.0,4.28,1502.75,49.89,250.1,224.8,238.8,236.9,276.0,266.9,283.9,284.1,280.8,269.5,248.7,263.9,3124.4,"19.5
(67.1)","19.0
(66.2)","18.0
(64.4)","15.3
(59.5)","12.6
(54.7)","9.6
(49.3)","10.0
(50.0)","12.5
(54.5)","15.9
(60.6)","17.1
(62.8)","17.9
(64.2)","19.0
(66.2)","15.5
(59.9)"
La Paz,Bolivia,4.724,0.0,1.4975000000000005,0.0,1.3190000000000002,3.834249999999999,3.4819999999999993,6.750500000000001,4.315999999999999,0.0,1.73375,4.536,4.5489999999999995,1.548,1.525,6.292999999999999,5.499999999999999,-16.4958,-68.1333,BOL,321073.0,6.51,499.75,47.42,182.9,152.6,148.8,165.0,222.7,240.0,235.6,217.0,189.0,179.8,171.0,186.0,2288.9,"9.3
(48.7)","9.0
(48.2)","8.9
(48.0)","8.8
(47.8)","8.2
(46.8)","7.3
(45.1)","6.8
(44.2)","8.2
(46.8)","8.7
(47.7)","10.0
(50.0)","10.5
(50.9)","9.7
(49.5)","8.8
(47.8)"
Lagos,Nigeria,7.767,9.098,6.4335,2.5100000000000007,1.7479999999999998,3.56475,3.255666666666666,5.999499999999999,2.862333333333333,0.0,1.90725,5.061,6.2155000000000005,1.634,1.3585,1.406,3.8245,6.455,3.3841,NGA,16637000.0,6.75,214.64,52.83,164.3,169.5,173.6,180.0,176.7,114.0,99.2,108.5,114.0,167.4,186.0,192.2,1845.4,"27.3
(81.1)","28.5
(83.3)","28.5
(83.3)","28
(82)","27.1
(80.8)","25.6
(78.1)","25.3
(77.5)","25.1
(77.2)","25.5
(77.9)","26.4
(79.5)","27.2
(81.0)","27.2
(81.0)","26.8
(80.2)"
Lima,Peru,8.712,8.496,3.8835,1.65,2.012,4.7589999999999995,5.001666666666667,5.2905,5.710666666666665,0.5,2.48075,3.1625000000000005,6.524,2.41,6.8085,6.0805,5.388000000000001,-12.06,-77.0375,PER,10320000.0,5.22,489.76,30.91,179.1,169.0,139.2,184.0,116.4,50.6,28.6,32.3,37.3,65.3,89.0,139.2,1230.0,"22.1
(71.8)","22.7
(72.9)","22.2
(72.0)","20.6
(69.1)","18.8
(65.8)","17.5
(63.5)","16.7
(62.1)","16.2
(61.2)","16.4
(61.5)","17.3
(63.1)","18.7
(65.7)","20.7
(69.3)","19.2
(66.6)"
Lisbon,Portugal,6.734000000000001,7.004000000000001,6.022,3.194,4.191000000000001,5.31575,8.238666666666665,8.438,7.860333333333332,4.48,6.4115,3.483,4.1575,6.394000000000001,7.833500000000001,9.597,5.690999999999999,38.7122,-9.134,PRT,548703.0,7.38,1125.31,35.58,143.0,157.0,208.0,234.0,291.0,303.0,353.0,344.0,261.0,214.0,156.0,143.0,2806.0,"11.6
(52.9)","12.7
(54.9)","14.9
(58.8)","15.9
(60.6)","18.0
(64.4)","21.2
(70.2)","23.1
(73.6)","23.5
(74.3)","22.1
(71.8)","18.8
(65.8)","15.0
(59.0)","12.4
(54.3)","17.5
(63.5)"
Ljubljana,Slovenia,8.214000000000002,6.749000000000001,4.088000000000001,1.2300000000000002,2.293,5.69875,7.676666666666666,8.953,7.671666666666668,4.851999999999999,8.661750000000001,4.7205,4.8100000000000005,5.4895000000000005,4.7989999999999995,8.184000000000001,1.8225,46.0514,14.5061,SVN,284293.0,6.53,1392.17,34.72,71.0,114.0,149.0,178.0,235.0,246.0,293.0,264.0,183.0,120.0,66.0,56.0,1974.0,"0.3
(32.5)","1.9
(35.4)","6.5
(43.7)","10.8
(51.4)","15.8
(60.4)","19.1
(66.4)","21.3
(70.3)","20.6
(69.1)","16.0
(60.8)","11.2
(52.2)","5.6
(42.1)","1.2
(34.2)","10.9
(51.6)"
London,United Kingdom,1.0,3.94,10.0,9.859,9.4025,5.3955,8.991999999999999,7.243500000000001,8.017999999999999,9.027,5.547750000000001,5.438,5.9545,5.8455,9.4555,6.573,5.374499999999999,51.5072,-0.1275,GBR,11262000.0,8.61,4033.84,35.92,62.0,78.0,115.0,169.0,199.0,204.0,212.0,205.0,149.0,117.0,73.0,52.0,1633.0,"5.2
(41.4)","5.3
(41.5)","7.6
(45.7)","9.9
(49.8)","13.3
(55.9)","16.5
(61.7)","18.7
(65.7)","18.5
(65.3)","15.7
(60.3)","12.0
(53.6)","8.0
(46.4)","5.5
(41.9)","11.3
(52.3)"
Los Angeles,United States,1.5275,4.556000000000001,10.0,10.0,3.9585,3.677000000000001,8.574666666666667,5.705,6.027333333333332,8.6245,4.7315000000000005,6.5145,4.7675,5.496500000000001,9.196,6.959999999999999,6.747,34.1141,-118.4068,USA,11885717.0,10.0,5456.15,67.95,225.3,222.5,267.0,303.5,276.2,275.8,364.1,349.5,278.5,255.1,217.3,219.4,3254.2,"14.4
(58.0)","14.9
(58.9)","15.9
(60.6)","17.3
(63.1)","18.8
(65.8)","20.7
(69.2)","22.9
(73.3)","23.5
(74.3)","22.8
(73.1)","20.3
(68.6)","16.9
(62.4)","14.2
(57.6)","18.6
(65.4)"
Luxembourg,Luxembourg,2.4530000000000003,3.411,3.307500000000001,1.8990000000000005,4.5805,5.8445,7.856666666666666,8.627999999999998,8.220333333333333,3.4795,8.57625,7.473000000000001,7.151,5.458,4.495500000000001,8.8045,1.475,49.6117,6.1319,LUX,132780.0,10.54,4272.11,56.49,43.0,82.0,118.0,165.0,208.0,210.0,232.5,208.0,159.0,108.5,57.0,43.0,1634.0,"0.8
(33.4)","1.6
(34.9)","5.2
(41.4)","8.7
(47.7)","13.0
(55.4)","15.9
(60.6)","18.2
(64.8)","17.7
(63.9)","13.9
(57.0)","9.5
(49.1)","4.7
(40.5)","1.8
(35.2)","9.3
(48.7)"
Lyon,France,6.697000000000001,4.349,4.4995,3.083,5.963000000000001,5.18525,8.088333333333333,7.134499999999999,8.641666666666666,4.5805,6.54325,4.2045,2.648000000000001,9.403,5.987500000000001,6.5169999999999995,5.373500000000001,45.76,4.84,FRA,520774.0,10.54,2714.26,38.89,74.0,101.0,170.0,191.0,221.0,254.0,283.0,253.0,195.0,130.0,76.0,54.0,2002.0,"3.4
(38.1)","4.8
(40.6)","8.4
(47.1)","11.4
(52.5)","15.8
(60.4)","19.4
(66.9)","22.1
(71.8)","21.6
(70.9)","17.6
(63.7)","13.4
(56.1)","7.5
(45.5)","4.3
(39.7)","12.5
(54.5)"
Madrid,Spain,6.414000000000001,6.2490000000000006,0.0,4.79,5.8555,5.285750000000001,7.1196666666666655,7.7925,8.916333333333332,4.291500000000001,5.5655,4.296,3.894000000000001,6.241,9.338,7.665000000000001,6.22,40.4169,-3.7033,ESP,6211000.0,8.43,2089.54,38.1,148.0,157.0,214.0,231.0,272.0,310.0,359.0,335.0,261.0,198.0,157.0,124.0,2769.0,"6.3
(43.3)","7.9
(46.2)","11.2
(52.2)","12.9
(55.2)","16.7
(62.1)","22.2
(72.0)","25.6
(78.1)","25.1
(77.2)","20.9
(69.6)","15.1
(59.2)","9.9
(49.8)","6.9
(44.4)","15.0
(59.0)"
Managua,Nicaragua,4.7855,0.0,1.866,0.0,0.6075,0.0,4.600333333333333,7.774500000000001,6.403666666666666,0.0,3.3405,3.9395,3.2544999999999997,1.177,1.837,9.239,1.4335,12.1364,-86.2514,NIC,1051236.0,5.5,358.51,58.25,263.5,254.2,291.4,276.0,229.4,186.0,151.9,195.3,210.0,223.2,231.0,248.0,2759.9,"26.3
(79.3)","27.2
(81.0)","28.5
(83.3)","29.3
(84.7)","29.3
(84.7)","27.2
(81.0)","26.8
(80.2)","27.2
(81.0)","26.8
(80.2)","26.5
(79.7)","26.3
(79.3)","26.2
(79.2)","27.3
(81.1)"
Manila,Philippines,8.5955,8.751999999999999,4.805,3.547,2.6345,3.713,4.592333333333334,6.4345,4.297666666666667,0.0,1.683,5.006499999999999,4.303,4.608,7.584,5.503,4.8255,14.5958,120.9772,PHL,24922000.0,3.59,429.13,37.97,176.7,197.8,225.8,258.0,222.7,162.0,132.8,132.8,132.0,157.6,153.0,151.9,2103.1,"26.7
(80.1)","27.4
(81.3)","28.7
(83.7)","30.1
(86.2)","30.0
(86.0)","29.3
(84.7)","28.5
(83.3)","28.3
(82.9)","28.4
(83.1)","28.4
(83.1)","28.0
(82.4)","27.0
(80.6)","28.4
(83.1)"
Marseille,France,7.5885,6.026000000000002,3.3095000000000003,2.843,5.950500000000001,5.86075,8.088333333333333,5.252,8.843666666666666,4.442,3.942,4.2045,2.648000000000001,5.5425,5.443000000000001,6.1735,5.1835,43.2964,5.37,FRA,877215.0,9.48,2596.01,31.76,150.0,156.0,215.0,245.0,293.0,326.0,366.0,327.0,254.0,205.0,156.0,143.0,2836.0,"8.4
(47.1)","8.9
(48.0)","11.6
(52.9)","13.8
(56.8)","17.9
(64.2)","21.3
(70.3)","24.5
(76.1)","24.1
(75.4)","20.7
(69.3)","16.9
(62.4)","11.8
(53.2)","9.3
(48.7)","15.8
(60.4)"
Medellin,Colombia,9.2315,9.315,4.618,0.0,0.928,5.3545,6.348666666666665,7.477,6.790666666666666,1.531,6.17075,4.5945,1.8515000000000004,4.1485,5.029,9.302,3.662,6.2308,-75.5906,COL,2529403.0,4.83,342.66,22.22,175.5,149.0,154.2,127.9,138.9,173.0,203.2,191.6,153.4,132.9,136.4,156.2,1892.2,"22.4
(72.3)","22.7
(72.9)","22.7
(72.9)","22.4
(72.3)","22.6
(72.7)","22.9
(73.2)","23.1
(73.6)","23.1
(73.6)","22.4
(72.3)","21.8
(71.2)","21.8
(71.2)","21.9
(71.4)","22.5
(72.5)"
Melbourne,Australia,4.829999999999999,4.798000000000001,8.204,5.020000000000001,2.8465000000000003,4.872,9.399666666666668,7.1325,8.015999999999998,6.2204999999999995,7.891499999999999,6.0695000000000014,4.5885,5.896000000000001,6.461,7.0005,6.202999999999999,-37.8142,144.9631,AUS,5031195.0,9.68,4052.92,51.57,266.6,228.8,223.2,186.0,142.6,120.0,136.4,164.3,183.0,223.2,225.0,263.5,2362.6,"20.1
(68.2)","20.2
(68.4)","18.6
(65.5)","15.6
(60.1)","12.7
(54.9)","10.5
(50.9)","9.8
(49.6)","10.9
(51.6)","12.7
(54.9)","14.7
(58.5)","16.6
(61.9)","18.6
(65.5)","15.1
(59.2)"
Mexico City,Mexico,8.360000000000001,9.244,7.479999999999999,2.6340000000000003,2.87,3.806,5.760999999999998,5.464000000000001,6.379999999999999,1.713,2.5062500000000005,3.5005,4.333500000000001,5.8405000000000005,9.962,7.089,3.914,19.4333,-99.1333,MEX,21804000.0,6.7,718.92,26.67,240.0,234.0,268.0,232.0,225.0,183.0,176.0,176.0,157.0,194.0,232.0,236.0,2555.0,"14.6
(58.3)","15.9
(60.6)","18.1
(64.6)","19.6
(67.3)","20.0
(68.0)","19.4
(66.9)","18.2
(64.8)","18.3
(64.9)","18.0
(64.4)","17.1
(62.8)","16.3
(61.3)","15.0
(59.0)","17.5
(63.5)"
Milan,Italy,5.194500000000001,4.801000000000001,5.190499999999999,3.286,6.683,5.5120000000000005,6.189666666666666,7.378000000000001,8.444666666666667,4.283,4.458,3.3625,2.4365,5.013999999999999,7.917000000000001,7.2195,5.641,45.4669,9.19,ITA,1354196.0,10.22,1897.64,29.7,59.0,96.0,152.0,177.0,211.0,243.0,285.0,251.0,186.0,130.0,66.0,59.0,1915.0,"2.5
(36.5)","4.7
(40.5)","9.0
(48.2)","12.2
(54.0)","17.0
(62.6)","20.8
(69.4)","23.6
(74.5)","23.0
(73.4)","19.2
(66.6)","13.4
(56.1)","7.2
(45.0)","3.3
(37.9)","13.0
(55.4)"
Milwaukee,United States,6.1225,5.526,4.8305,2.005,1.5875,4.915000000000001,8.671,4.267,6.082333333333333,4.177,7.989000000000001,6.5145,4.204,4.346,6.8375,4.844,5.064000000000001,43.0642,-87.9675,USA,1290221.0,8.5,5043.75,62.08,140.2,151.5,185.4,213.5,275.5,304.5,321.1,281.2,215.1,178.0,112.8,104.8,2483.6,"−5.2
(22.6)","−3.2
(26.3)","1.9
(35.4)","7.8
(46.0)","13.3
(56.0)","19.2
(66.6)","22.3
(72.1)","21.7
(71.0)","17.4
(63.3)","10.9
(51.6)","4.1
(39.3)","−2.9
(26.8)","8.9
(48.1)"
Minsk,Belarus,9.4955,9.289,4.3785,0.0,3.7664999999999993,5.365500000000001,5.596333333333332,9.038,5.5106666666666655,0.5,7.04825,3.204,5.926,4.863,6.949999999999999,7.4215,4.906000000000001,53.9006,27.5586,BLR,1992862.0,5.15,549.57,13.96,34.0,72.0,133.0,185.0,270.0,267.0,271.0,251.0,154.0,103.0,39.0,28.0,1807.0,"−4.5
(23.9)","−4.4
(24.1)","0.0
(32.0)","7.2
(45.0)","13.3
(55.9)","16.4
(61.5)","18.5
(65.3)","17.5
(63.5)","12.1
(53.8)","6.6
(43.9)","0.6
(33.1)","−3.4
(25.9)","6.7
(44.1)"
Montevideo,Uruguay,8.183000000000002,6.197,2.863,2.205,1.183,5.288,7.943999999999997,5.9735000000000005,6.654999999999999,1.6900000000000002,4.545,4.416,4.8285,2.1785,4.9465,9.71,5.1785,-34.9056,-56.1842,URY,1719453.0,10.23,876.34,40.14,294.9,230.6,222.8,179.6,164.2,129.7,139.7,164.4,182.3,239.0,248.9,285.3,2481.4,"23.0
(73.4)","22.5
(72.5)","20.6
(69.1)","17.2
(63.0)","14.0
(57.2)","11.1
(52.0)","10.9
(51.6)","11.7
(53.1)","13.4
(56.1)","16.0
(60.8)","18.6
(65.5)","21.3
(70.3)","16.7
(62.1)"
Montreal,Canada,7.392000000000001,5.948,8.102500000000001,5.773000000000001,3.443,5.107,8.966,7.822,7.395,7.299000000000001,7.7215,5.8405000000000005,7.2745000000000015,4.478000000000001,6.9174999999999995,8.193,5.303,45.5089,-73.5617,CAN,3675219.0,9.63,2823.94,47.56,101.0,128.0,164.0,178.0,229.0,240.0,272.0,246.0,182.0,144.0,84.0,84.0,2051.0,"−9.7
(14.5)","−7.7
(18.1)","−2.0
(28.4)","6.4
(43.5)","13.4
(56.1)","18.6
(65.5)","21.2
(70.2)","20.1
(68.2)","15.5
(59.9)","8.5
(47.3)","2.1
(35.8)","−5.4
(22.3)","6.8
(44.2)"
Moscow,Russia,6.555000000000001,8.099,5.053,3.704999999999999,9.0545,4.546250000000001,5.386666666666667,7.478,4.763,4.5725,5.27475,3.148,6.017000000000001,6.571,8.875499999999999,3.4750000000000005,5.090000000000002,55.7506,37.6175,RUS,17332000.0,6.4,1452.41,8.3,37.0,65.0,142.0,213.0,274.0,299.0,323.0,242.0,171.0,88.0,33.0,14.0,1901.0,"−6.5
(20.3)","−6.7
(19.9)","−1.0
(30.2)","6.7
(44.1)","13.2
(55.8)","17.0
(62.6)","19.2
(66.6)","17.0
(62.6)","11.3
(52.3)","5.6
(42.1)","−1.2
(29.8)","−5.2
(22.6)","5.8
(42.4)"
Mumbai,India,8.124,9.825,9.853000000000002,6.179,5.414,3.94,3.617999999999999,7.618500000000001,3.802333333333334,0.5275,2.0965,5.5565,3.4145,3.429,4.968499999999999,3.839,5.792000000000001,19.0761,72.8775,IND,24973000.0,3.68,640.81,9.33,269.5,257.6,274.3,283.7,296.2,148.6,73.4,75.9,165.1,240.2,245.8,253.2,2583.5,"23.7
(74.7)","24.5
(76.1)","26.8
(80.2)","28.4
(83.1)","29.9
(85.8)","29.2
(84.6)","27.6
(81.7)","27.2
(81.0)","27.3
(81.1)","28.3
(82.9)","27.2
(81.0)","25.2
(77.4)","27.1
(80.8)"
Nairobi,Kenya,8.8505,8.431999999999999,6.026,4.600999999999999,2.3145,4.069,3.246333333333333,5.9719999999999995,3.5983333333333327,0.5,3.1987500000000004,4.376999999999999,5.084,1.889,2.67,2.5789999999999997,4.0495,-1.2864,36.8172,KEN,5545000.0,5.91,455.52,52.18,288.3,266.0,267.0,204.0,189.1,159.0,130.2,127.1,180.0,226.3,198.0,257.3,2492.3,"18.0
(64.4)","18.8
(65.8)","19.4
(66.9)","19.2
(66.6)","17.8
(64.0)","16.3
(61.3)","15.6
(60.1)","15.9
(60.6)","17.3
(63.1)","18.5
(65.3)","18.4
(65.1)","18.1
(64.6)","17.8
(64.0)"
Naples,Italy,8.215,5.81,2.0405,0.0,3.9410000000000007,4.70575,6.189666666666666,6.389500000000002,7.186333333333332,4.058000000000001,1.65625,3.3625,2.4365,5.314000000000001,6.045,6.7535,5.359,40.8358,14.2486,ITA,913462.0,8.43,1408.51,30.48,115.0,128.0,158.0,189.0,245.0,279.0,313.0,295.0,234.0,189.0,126.0,105.0,2375.0,"8.7
(47.7)","8.8
(47.8)","11.1
(52.0)","13.2
(55.8)","17.8
(64.0)","21.4
(70.5)","24.3
(75.7)","24.7
(76.5)","21.4
(70.5)","17.1
(62.8)","12.4
(54.3)","9.8
(49.6)","15.9
(60.6)"
Nashville,United States,4.4545,5.742000000000001,6.0600000000000005,3.569,1.9080000000000004,4.501,8.671,5.078,5.952999999999999,4.733,7.056499999999999,6.5145,4.772,6.6370000000000005,7.0200000000000005,6.807500000000001,1.2735,36.1715,-86.7842,USA,1178679.0,8.59,4812.25,81.93,139.6,145.2,191.3,231.5,261.8,277.7,279.0,262.1,226.4,216.8,148.1,130.6,2510.1,"3.4
(38.1)","5.7
(42.2)","10.3
(50.5)","15.3
(59.5)","20.0
(68.0)","24.6
(76.2)","26.6
(79.9)","26.2
(79.2)","22.2
(72.0)","16.0
(60.8)","10.2
(50.3)","4.9
(40.9)","15.4
(59.8)"
New Orleans,United States,5.339,4.991999999999999,4.7365,1.21,1.757,4.6274999999999995,8.671,2.088,5.8839999999999995,4.151999999999999,5.674,6.5145,4.346,6.453000000000001,7.1985,5.1240000000000006,1.0,30.0687,-89.9288,USA,918752.0,8.0,3405.25,72.93,153.0,161.5,219.4,251.9,278.9,274.3,257.1,251.9,228.7,242.6,171.8,157.8,2648.9,"11.6
(52.9)","13.4
(56.2)","16.8
(62.2)","20.3
(68.6)","24.6
(76.2)","27.2
(81.0)","28.2
(82.8)","28.2
(82.8)","26.2
(79.2)","21.6
(70.8)","16.8
(62.2)","12.9
(55.2)","20.7
(69.2)"
New York,United States,1.0,2.342,10.0,10.0,6.675,5.5192499999999995,8.671,7.022,6.105333333333332,8.0935,5.233749999999999,6.5145,3.9205,7.0985,10.0,6.7125,5.7475,40.6943,-73.9249,USA,18832416.0,10.0,5944.31,69.77,162.7,163.1,212.5,225.6,256.6,257.3,268.2,268.2,219.3,211.2,151.0,139.0,2534.7,"0.6
(33.0)","2.1
(35.7)","6.1
(42.9)","11.9
(53.4)","17.1
(62.8)","22.1
(71.8)","24.9
(76.9)","24.3
(75.7)","20.2
(68.4)","14.1
(57.3)","8.9
(48.1)","3.3
(37.9)","12.9
(55.3)"
Nicosia,Cyprus,8.631,6.301,3.407,0.0,1.606,5.491250000000001,7.438666666666665,8.102500000000001,6.758666666666667,2.475,3.672,2.9955,7.507999999999999,2.6545,6.949,7.5055,1.7755,35.1725,33.365,CYP,330000.0,6.32,1449.65,31.45,182.9,200.1,238.7,267.0,331.7,369.0,387.5,365.8,312.0,275.9,213.0,170.5,3314.1,"10.6
(51.1)","10.6
(51.1)","13.1
(55.6)","17.1
(62.8)","22.3
(72.1)","26.9
(80.4)","29.7
(85.5)","29.4
(84.9)","26.2
(79.2)","22.3
(72.1)","16.3
(61.3)","12.0
(53.6)","19.7
(67.5)"
Oklahoma City,United States,7.261000000000001,6.394,4.1375,0.0,1.399,5.02725,8.671,4.6855,5.976666666666666,3.6245,7.61525,6.5145,4.204,7.689,5.376000000000001,6.022,4.129,35.4676,-97.5136,USA,1000207.0,8.0,3167.94,75.88,200.8,189.7,244.2,271.3,295.2,326.1,356.6,329.3,263.7,245.1,186.5,180.9,3089.4,"3.6
(38.4)","6.1
(42.9)","10.7
(51.3)","15.6
(60.1)","20.6
(69.0)","25.1
(77.1)","27.8
(82.1)","27.6
(81.6)","22.8
(73.1)","16.5
(61.7)","9.9
(49.9)","4.3
(39.7)","15.9
(60.6)"
Omaha,United States,7.040500000000001,5.994000000000001,4.0120000000000005,0.0,1.4165,2.1277500000000003,8.671,5.5520000000000005,6.893999999999999,4.128,7.876000000000001,6.5145,4.204,6.3065,4.942,5.800999999999999,4.181,41.2627,-96.0529,USA,826161.0,9.0,3772.0,77.46,167.8,157.6,206.4,230.1,277.1,314.0,332.5,296.3,245.5,217.5,148.0,134.1,2726.9,"−4.6
(23.7)","−2.1
(28.3)","4.2
(39.5)","10.9
(51.7)","16.9
(62.5)","22.3
(72.2)","24.8
(76.7)","23.7
(74.6)","18.8
(65.9)","11.8
(53.3)","3.8
(38.9)","−3.3
(26.1)","10.6
(51.1)"
Oslo,Norway,3.768,1.0380000000000005,5.2090000000000005,3.869,5.177,5.775250000000001,9.635333333333332,7.1065000000000005,7.909999999999998,5.144500000000001,8.42425,7.0735,4.752,7.9705,5.899,7.029999999999999,6.1895,59.9133,10.7389,NOR,709037.0,12.33,3645.72,50.07,40.0,76.0,126.0,178.0,220.0,250.0,246.0,216.0,144.0,86.0,51.0,35.0,1668.0,"−4.3
(24.3)","−4.0
(24.8)","−0.2
(31.6)","4.5
(40.1)","10.8
(51.4)","15.2
(59.4)","16.4
(61.5)","15.2
(59.4)","10.8
(51.4)","6.3
(43.3)","0.7
(33.3)","−3.1
(26.4)","5.7
(42.3)"
Paris,France,3.5835,3.664,9.2765,7.513000000000001,10.0,5.330500000000001,8.088333333333333,6.2465,8.207666666666666,7.085,4.36225,4.2045,2.648000000000001,9.716,9.8165,5.579,4.433,48.8567,2.3522,FRA,11060000.0,10.54,2752.34,31.36,63.0,79.0,129.0,166.0,194.0,202.0,212.0,212.0,168.0,118.0,68.0,51.0,1662.0,"4.9
(40.8)","5.6
(42.1)","8.8
(47.8)","11.4
(52.5)","15.1
(59.2)","18.2
(64.8)","20.4
(68.7)","20.2
(68.4)","16.9
(62.4)","12.9
(55.2)","8.1
(46.6)","5.4
(41.7)","12.3
(54.1)"
Perth,Australia,5.233,4.795,5.127000000000001,3.102,2.1104999999999996,4.695,9.399666666666668,7.1045,8.059333333333331,5.143,8.132500000000002,6.0695000000000014,4.5885,4.1785,4.5115,7.470500000000001,5.6835,-31.9558,115.8597,AUS,2141834.0,9.48,4255.91,53.26,356.5,314.9,295.5,246.0,211.7,180.6,188.4,219.8,232.4,299.8,320.4,359.4,3229.5,"24.5
(76.1)","24.9
(76.8)","23.1
(73.6)","19.7
(67.5)","16.5
(61.7)","14.0
(57.2)","13.0
(55.4)","13.5
(56.3)","14.8
(58.6)","17.3
(63.1)","20.3
(68.5)","22.7
(72.9)","18.7
(65.7)"
Philadelphia,United States,4.207,4.422000000000001,7.3625,5.215999999999999,3.5559999999999996,4.1315,8.671,3.1329999999999996,6.482666666666664,6.0285,5.1240000000000006,6.5145,3.7785,7.443,8.492,5.864500000000001,4.115,40.0077,-75.1339,USA,5696588.0,8.5,4897.71,67.55,155.7,154.7,202.8,217.0,245.1,271.2,275.6,260.1,219.3,204.5,154.7,137.7,2498.4,"0.5
(32.9)","2.0
(35.6)","6.4
(43.5)","12.2
(54.0)","17.7
(63.8)","22.9
(73.2)","25.6
(78.1)","24.7
(76.5)","20.6
(69.1)","14.2
(57.5)","8.7
(47.6)","3.0
(37.4)","13.2
(55.8)"
Phoenix,United States,6.5329999999999995,6.208,6.508500000000001,4.558,3.3025,4.828500000000001,8.671,2.5829999999999997,6.126333333333331,4.590999999999999,4.625249999999999,6.5145,4.488,6.178,6.8100000000000005,5.5649999999999995,6.7355,33.5722,-112.0892,USA,4065338.0,10.0,5090.45,78.04,256.0,257.2,318.4,353.6,401.0,407.8,378.5,360.8,328.6,308.9,256.0,244.8,3871.6,"13.6
(56.5)","15.4
(59.8)","18.5
(65.3)","22.7
(72.8)","27.8
(82.1)","32.7
(90.9)","34.9
(94.8)","34.2
(93.6)","31.3
(88.4)","24.8
(76.7)","17.9
(64.2)","13.1
(55.5)","23.9
(75.0)"
Pittsburgh,United States,5.963500000000002,4.795,6.5075,3.5809999999999995,1.7379999999999998,4.308,8.671,4.791,6.399666666666666,6.5935,6.874250000000001,6.5145,3.7785,8.669500000000001,6.859,7.390000000000001,4.0685,40.4397,-79.9763,USA,1712828.0,8.75,4143.72,68.05,93.9,108.5,155.4,182.8,217.4,242.2,254.9,228.4,196.7,167.3,99.4,74.4,2021.3,"−1.9
(28.5)","−0.4
(31.3)","4.3
(39.8)","10.6
(51.1)","15.7
(60.2)","20.5
(68.9)","22.7
(72.8)","22.0
(71.6)","17.9
(64.3)","11.6
(52.9)","6.2
(43.1)","0.3
(32.5)","10.8
(51.4)"
Porto,Portugal,8.109500000000002,7.422000000000001,4.313000000000001,1.886,3.1115,5.460000000000001,8.238666666666665,7.704500000000001,8.166666666666666,4.449,7.03875,3.483,4.1575,4.4945,5.625,9.5735,5.9485,41.1495,-8.6108,PRT,231800.0,7.38,1035.69,35.72,124.0,129.0,192.0,217.0,258.0,274.0,308.0,295.0,224.0,184.0,139.0,124.0,2468.0,"10.2
(50.4)","10.9
(51.6)","13.5
(56.3)","14.6
(58.3)","17.0
(62.6)","19.5
(67.1)","21.3
(70.3)","21.4
(70.5)","19.3
(66.7)","16.6
(61.9)","13.4
(56.1)","11.0
(51.8)","15.7
(60.3)"
Quito,Ecuador,9.0165,7.822,2.857500000000001,0.0,0.8900000000000001,4.789250000000001,3.021333333333333,6.968999999999999,6.406333333333332,0.0,4.1762500000000005,3.8855,7.513999999999999,3.4815,4.8015,8.826499999999998,5.499999999999999,-0.22,-78.5125,ECU,1763275.0,7.0,462.19,37.62,197.0,140.0,122.0,136.0,164.0,189.0,249.0,256.0,196.0,177.0,197.0,215.0,2238.0,"14.2
(57.6)","14.0
(57.2)","14.3
(57.7)","14.3
(57.7)","14.5
(58.1)","14.5
(58.1)","14.6
(58.3)","15.0
(59.0)","14.8
(58.6)","14.3
(57.7)","14.3
(57.7)","14.4
(57.9)","14.4
(57.9)"
Reykjavik,Iceland,2.7715,1.0,3.1679999999999997,2.875,1.1349999999999998,5.475,9.36,8.658,8.078999999999999,4.057,8.62375,5.2829999999999995,4.4655000000000005,6.742,5.0205,9.565,4.8035000000000005,64.1458,-21.9425,ISL,139875.0,14.17,3342.89,65.69,20.0,60.0,109.0,164.0,201.0,174.0,168.0,155.0,120.0,93.0,41.0,22.0,1326.0,"−0.5
(31.1)","0.4
(32.7)","0.5
(32.9)","2.9
(37.2)","6.3
(43.3)","9.0
(48.2)","10.6
(51.1)","10.3
(50.5)","7.4
(45.3)","4.4
(39.9)","1.1
(34.0)","−0.2
(31.6)","4.3
(39.7)"
Riga,Latvia,8.933000000000002,7.329,4.3505,1.358,2.3725,5.35275,7.363333333333333,7.6255,5.710000000000001,4.090999999999999,6.966,4.094500000000001,5.929,5.841000000000001,7.7065,6.884,5.5265,56.9475,24.1069,LVA,605273.0,7.38,1091.09,17.79,31.0,62.0,127.0,183.0,264.0,288.0,264.0,229.0,153.0,93.0,39.0,22.0,1754.0,"−4.7
(23.5)","−4.2
(24.4)","0.5
(32.9)","5.1
(41.2)","11.4
(52.5)","15.5
(59.9)","16.9
(62.4)","16.2
(61.2)","12.0
(53.6)","7.4
(45.3)","2.1
(35.8)","−2.3
(27.9)","6.2
(43.2)"
Riyadh,Saudi Arabia,8.6965,7.806000000000001,3.6915,2.022,2.4604999999999997,4.75325,6.103999999999999,7.583000000000001,6.085666666666666,0.5035,3.3512500000000003,7.042,10.0,4.13,5.843500000000001,2.9090000000000007,0.5,24.65,46.71,SAU,7237000.0,6.92,2215.89,72.34,212.4,226.6,219.8,242.3,287.7,328.2,332.1,309.2,271.6,311.4,269.2,214.3,3224.8,"14
(57)","16
(61)","21
(70)","26
(79)","32
(90)","34
(93)","36
(97)","35
(95)","32
(90)","27
(81)","21
(70)","16
(61)","26
(79)"
Rome,Italy,5.6025,5.323,4.6745,1.013,6.4335,4.533250000000001,6.189666666666666,6.604500000000001,7.863666666666665,4.157000000000001,4.2764999999999995,3.3625,2.4365,4.491,9.11,6.2215,6.396000000000001,41.8931,12.4828,ITA,2748109.0,9.48,1579.61,29.26,121.0,133.0,167.0,201.0,264.0,285.0,332.0,298.0,237.0,195.0,129.0,112.0,2473.0,"7.5
(45.5)","8.2
(46.8)","10.2
(50.4)","12.6
(54.7)","17.2
(63.0)","21.1
(70.0)","24.1
(75.4)","24.5
(76.1)","20.8
(69.4)","16.4
(61.5)","11.4
(52.5)","8.4
(47.1)","15.2
(59.4)"
Santiago,Chile,8.3815,7.237,6.2305,1.0,2.5355,5.550999999999999,7.765,6.9645,7.066,2.6415000000000006,4.528,3.725,8.929499999999999,1.0,7.556000000000001,7.171500000000001,5.499999999999999,-33.4372,-70.6506,CHL,7171000.0,6.79,638.03,23.72,362.7,302.3,272.8,201.0,155.0,120.0,145.7,161.2,186.0,248.0,306.0,347.2,2807.9,"21.2
(70.2)","20.3
(68.5)","18.2
(64.8)","14.4
(57.9)","10.9
(51.6)","9.0
(48.2)","8.2
(46.8)","9.8
(49.6)","12.0
(53.6)","15.0
(59.0)","17.7
(63.9)","20.1
(68.2)","14.7
(58.5)"
Sao Paulo,Brazil,8.316,7.823000000000001,6.6225000000000005,4.253000000000001,2.2655,4.412000000000001,2.781,5.2955,5.371999999999999,1.104,2.6535,2.187,2.8525,3.3895000000000004,8.789499999999999,6.8955,7.0775,-23.5504,-46.6339,BRA,23086000.0,6.71,445.67,21.55,139.1,153.5,161.6,169.3,167.6,160.0,169.0,173.1,144.5,157.9,152.8,145.1,1893.5,"22.1
(71.8)","22.4
(72.3)","21.8
(71.2)","19.7
(67.5)","17.4
(63.3)","16.3
(61.3)","15.8
(60.4)","17.1
(62.8)","17.9
(64.2)","19.0
(66.2)","20.2
(68.4)","21.1
(70.0)","19.2
(66.6)"
Seattle,United States,2.291,3.79,8.367,7.551000000000001,2.8845,4.523750000000001,8.671,5.6365,6.309666666666666,5.7145,7.560250000000001,6.5145,4.772,4.940499999999999,8.1155,8.0895,7.2094999999999985,47.6211,-122.3244,USA,3555253.0,11.0,6292.34,71.0,69.8,108.8,178.4,207.3,253.7,268.4,312.0,281.4,221.7,142.6,72.7,52.9,2169.7,"5.4
(41.8)","6.2
(43.2)","7.9
(46.3)","10.1
(50.2)","13.2
(55.8)","15.9
(60.7)","18.6
(65.5)","18.8
(65.9)","16.2
(61.1)","11.4
(52.6)","7.4
(45.3)","4.7
(40.4)","11.3
(52.4)"
Seoul,South Korea,6.142500000000001,3.698000000000001,5.283500000000001,4.066000000000001,6.155999999999999,5.718999999999999,8.279333333333334,8.305,8.549,6.8655,6.787000000000001,5.561,6.6075,7.637,8.200000000000001,4.484,5.776,37.5667,126.9833,KOR,23016000.0,6.15,2689.62,22.48,160.3,163.3,189.0,205.0,213.0,182.0,120.0,152.5,176.2,198.8,153.2,152.6,2066.0,"−2.4
(27.7)","0.4
(32.7)","5.7
(42.3)","12.5
(54.5)","17.8
(64.0)","22.2
(72.0)","24.9
(76.8)","25.7
(78.3)","21.2
(70.2)","14.8
(58.6)","7.2
(45.0)","0.4
(32.7)","12.5
(54.5)"
Shanghai,China,5.744,7.179,5.7255,9.288,6.862,5.0845,3.8956666666666666,7.2085,6.2059999999999995,5.6995000000000005,2.83875,6.103,1.4959999999999998,2.636,6.6934999999999985,2.741,5.717499999999999,31.2286,121.4747,CHN,24073000.0,5.69,1419.87,17.07,114.3,119.9,128.5,148.5,169.8,130.9,190.8,185.7,167.5,161.4,131.1,127.4,1775.8,"4.6
(40.3)","6.1
(43.0)","9.6
(49.3)","15.1
(59.2)","20.3
(68.5)","24.1
(75.4)","28.4
(83.1)","28.1
(82.6)","24.4
(75.9)","19.3
(66.7)","13.4
(56.1)","7.1
(44.8)","16.7
(62.1)"
Singapore,Singapore,1.745,3.4890000000000003,9.103000000000002,8.697,2.982,5.42725,9.724666666666666,9.9715,7.682666666666665,8.2465,7.95425,7.478500000000001,9.959,8.447,7.422499999999999,6.494999999999999,5.834,1.3,103.8,SGP,5983000.0,5.92,4619.45,35.02,172.4,183.2,192.7,173.6,179.8,177.7,187.9,180.6,156.2,155.2,129.6,133.5,2022.4,"27
(81)","27
(81)","28
(82)","28
(82)","28
(82)","28
(82)","28
(82)","28
(82)","27
(81)","27
(81)","27
(81)","26
(79)","27
(81)"
Sofia,Bulgaria,9.306,8.55,4.691,3.1550000000000007,2.6665,5.622,5.295333333333333,7.5505,5.586666666666666,2.0145,4.99925,3.2499999999999996,8.720500000000001,6.272500000000001,5.318499999999999,6.740500000000001,4.0565,42.6979,23.3217,BGR,1404116.0,6.41,1005.95,12.8,88.0,114.0,160.0,182.0,230.0,258.0,302.0,288.0,220.0,164.0,106.0,66.0,2177.0,"−0.5
(31.1)","1.1
(34.0)","5.4
(41.7)","10.6
(51.1)","15.4
(59.7)","18.9
(66.0)","21.2
(70.2)","21.0
(69.8)","16.5
(61.7)","11.3
(52.3)","5.1
(41.2)","0.7
(33.3)","10.6
(51.1)"
Stockholm,Sweden,4.865,4.36,6.267,6.229,6.2255,5.685500000000001,9.568999999999996,6.8865,8.039333333333332,6.6675,8.99175,5.694499999999999,2.7495000000000003,7.6135,6.797499999999999,5.719500000000001,4.494,59.3275,18.0547,SWE,995574.0,8.72,3021.18,34.07,40.0,72.0,139.0,185.0,254.0,292.0,260.0,221.0,154.0,99.0,54.0,33.0,1803.0,"−2.8
(27.0)","−3.0
(26.6)","0.1
(32.2)","4.6
(40.3)","10.7
(51.3)","15.6
(60.1)","17.2
(63.0)","16.2
(61.2)","11.9
(53.4)","7.5
(45.5)","2.6
(36.7)","−1.0
(30.2)","6.6
(43.9)"
Sydney,Australia,1.9865,4.128,8.726500000000001,6.427000000000001,3.2849999999999997,4.851,9.399666666666668,7.5710000000000015,8.033666666666665,6.725500000000001,7.81675,6.0695000000000014,4.5885,4.7365,6.2275,7.032500000000001,6.2635,-33.8667,151.2,AUS,4840600.0,9.5,4683.94,50.66,220.1,189.3,198.4,192.0,182.9,165.0,198.4,213.0,223.2,216.0,241.8,228.0,2468.1,"22.3
(72.1)","22.3
(72.1)","21.2
(70.2)","18.5
(65.3)","15.5
(59.9)","13.1
(55.6)","12.2
(54.0)","13.4
(56.1)","15.5
(59.9)","17.8
(64.0)","19.6
(67.3)","21.3
(70.3)","17.7
(63.9)"
Taipei,Taiwan,7.977,5.644,5.468500000000001,2.7810000000000006,2.5105,5.6065,8.341666666666667,9.542,5.905333333333333,5.589500000000001,6.2357499999999995,6.6354999999999995,7.333,5.2315000000000005,7.2635,8.0435,5.5885,25.0375,121.5625,TWN,2494813.0,4.91,1876.87,25.62,80.6,71.3,89.6,92.6,113.7,121.7,179.0,188.9,153.7,124.0,99.4,90.7,1405.2,"16.1
(61.0)","16.5
(61.7)","18.5
(65.3)","21.9
(71.4)","25.2
(77.4)","27.7
(81.9)","29.6
(85.3)","29.2
(84.6)","27.4
(81.3)","24.5
(76.1)","21.5
(70.7)","17.9
(64.2)","23.0
(73.4)"
Tallinn,Estonia,8.376500000000002,6.931000000000001,5.356,5.829,1.9704999999999997,5.932500000000001,8.129333333333333,9.4255,7.366333333333333,5.3549999999999995,7.825500000000001,4.1850000000000005,5.341,5.202,7.0235,7.838500000000001,4.5355,59.4372,24.7453,EST,638076.0,7.38,1423.7,27.23,30.0,59.0,148.0,217.0,306.0,294.0,312.0,256.0,162.0,88.0,29.0,20.0,1923.0,"−2.9
(26.8)","−3.6
(25.5)","−0.6
(30.9)","4.8
(40.6)","10.2
(50.4)","14.5
(58.1)","17.6
(63.7)","16.5
(61.7)","12.0
(53.6)","6.5
(43.7)","2.0
(35.6)","−0.9
(30.4)","6.4
(43.5)"
Tampa,United States,5.696,5.253,6.3469999999999995,3.778000000000001,2.9055000000000004,1.40075,8.671,4.706499999999999,6.572999999999999,4.2805,7.37875,6.5145,4.772,7.195,6.433999999999999,5.360000000000001,5.497,27.9945,-82.4447,USA,2906035.0,10.0,5289.14,63.19,199.9,202.7,267.5,299.1,314.5,277.8,265.3,249.5,223.0,233.9,201.7,191.6,2926.5,"15.9
(60.6)","17.3
(63.2)","19.5
(67.1)","22.1
(71.7)","25.7
(78.2)","27.8
(82.0)","28.2
(82.8)","28.3
(83.0)","27.5
(81.5)","24.4
(76.0)","20.6
(69.0)","17.2
(63.0)","22.9
(73.2)"
Tashkent,Uzbekistan,5.0,0.0,1.783,0.0,2.7375000000000007,0.0,5.175333333333333,8.9045,3.693333333333333,0.0,6.555499999999999,5.5375,6.0145,1.2425000000000002,3.1760000000000006,6.1705,4.2425,41.3111,69.2797,UZB,3095498.0,3.5,333.39,18.86,117.8,127.1,164.3,216.0,303.8,363.0,384.4,365.8,300.0,226.3,150.0,105.4,2823.9,"1.9
(35.4)","3.9
(39.0)","9.4
(48.9)","15.5
(59.9)","20.5
(68.9)","25.8
(78.4)","27.8
(82.0)","26.2
(79.2)","20.6
(69.1)","13.9
(57.0)","8.5
(47.3)","3.5
(38.3)","14.8
(58.6)"
Tbilisi,Georgia,9.4905,9.765,3.1485000000000007,0.0,2.2510000000000003,5.64425,7.863333333333332,9.506,5.052333333333334,0.8625,3.19675,4.2525,8.055000000000001,4.087,4.919,8.197499999999998,5.477500000000001,41.7225,44.7925,GEO,1118035.0,7.39,477.11,20.48,99.0,102.0,142.0,171.0,213.0,249.0,256.0,248.0,206.0,164.0,103.0,93.0,2046.0,"1.2
(34.2)","2.7
(36.9)","6.6
(43.9)","12.2
(54.0)","17.4
(63.3)","21.3
(70.3)","24.5
(76.1)","24.1
(75.4)","19.6
(67.3)","13.7
(56.7)","7.8
(46.0)","3.2
(37.8)","12.9
(55.2)"
Tehran,Iran,8.302999999999999,9.544,4.386500000000001,0.0,3.175,3.7995,4.342666666666666,6.792999999999999,5.312333333333332,0.51,2.9425,3.9435,4.0525,1.5759999999999998,6.521,4.2225,5.499999999999999,35.6889,51.3897,IRN,14148000.0,4.98,294.97,13.96,137.2,151.1,186.0,219.1,279.8,328.7,336.6,336.8,300.5,246.8,169.4,134.1,2826.1,"1
(34)","5
(41)","10
(50)","17
(63)","21
(70)","27
(81)","31
(88)","29
(84)","26
(79)","18
(64)","11
(52)","5
(41)","17
(63)"
Tokyo,Japan,5.657000000000001,3.431,6.297000000000001,3.962999999999999,8.1515,6.0075,8.377666666666666,10.0,8.82633333333333,6.980500000000001,5.955750000000001,3.7235,6.0329999999999995,4.835000000000001,9.342000000000002,7.194500000000001,6.5225,35.687,139.7495,JPN,37785000.0,5.21,2868.8,32.85,184.5,165.8,163.1,176.9,167.8,125.4,146.4,169.0,120.9,131.0,147.9,178.0,1876.7,"5.2
(41.4)","5.7
(42.3)","8.7
(47.7)","13.9
(57.0)","18.2
(64.8)","21.4
(70.5)","25.0
(77.0)","26.4
(79.5)","22.8
(73.0)","17.5
(63.5)","12.1
(53.8)","7.6
(45.7)","15.4
(59.7)"
Toronto,Canada,4.66,5.271,9.981,7.602000000000001,4.335000000000001,4.683000000000001,8.966,7.693500000000001,8.063666666666666,7.602500000000001,7.1775,5.8405000000000005,7.2745000000000015,4.383,7.826,7.928000000000002,5.594,43.7417,-79.3733,CAN,5647656.0,9.63,3249.79,54.91,85.9,111.3,161.0,180.0,227.7,259.6,279.6,245.6,194.4,154.3,88.9,78.1,2066.4,"−3.7
(25.3)","−2.6
(27.3)","1.4
(34.5)","7.9
(46.2)","14.1
(57.4)","19.4
(66.9)","22.3
(72.1)","21.5
(70.7)","17.2
(63.0)","10.7
(51.3)","4.9
(40.8)","−0.5
(31.1)","9.4
(48.9)"
Tunis,Tunisia,9.968,9.998,2.969,0.0,2.6080000000000005,5.614500000000001,6.621666666666667,8.291500000000001,6.2926666666666655,0.5,3.27975,3.0920000000000005,2.599,1.0725,5.742500000000001,4.727,5.365500000000001,36.8064,10.1817,TUN,599368.0,4.65,258.3,19.71,145.7,165.3,198.4,225.0,282.1,309.0,356.5,328.6,258.0,217.0,174.0,148.8,2808.4,"11.5
(52.7)","12.0
(53.6)","13.2
(55.8)","15.6
(60.1)","19.3
(66.7)","23.2
(73.8)","26.3
(79.3)","26.8
(80.2)","24.4
(75.9)","20.4
(68.7)","15.9
(60.6)","12.5
(54.5)","18.4
(65.1)"
Valencia,Spain,8.135500000000002,6.872,1.747,2.5829999999999997,3.4840000000000004,5.809000000000001,7.1196666666666655,7.786499999999999,8.885666666666665,4.266000000000001,5.94225,4.296,3.894000000000001,9.14,7.078000000000001,7.935,6.331500000000001,39.47,-0.3764,ESP,1595000.0,8.43,1557.61,34.19,171.0,171.0,215.0,234.0,259.0,276.0,315.0,288.0,235.0,202.0,167.0,155.0,2696.0,"11.8
(53.2)","12.5
(54.5)","14.6
(58.3)","16.2
(61.2)","19.0
(66.2)","22.9
(73.2)","25.6
(78.1)","26.1
(79.0)","23.5
(74.3)","19.7
(67.5)","15.3
(59.5)","12.6
(54.7)","18.3
(64.9)"
Valletta,Malta,3.1530000000000005,0.0,3.909499999999999,2.148,1.889,0.0,5.377,8.518,8.107,2.8194999999999997,3.77575,5.5395,5.783499999999999,3.2015,5.827,7.562999999999999,4.716999999999999,35.8983,14.5125,MLT,480134.0,9.48,1184.8,53.86,169.0,178.0,227.0,254.0,310.0,337.0,377.0,352.0,270.0,224.0,195.0,161.0,3054.0,"12.8
(55.0)","12.8
(55.0)","13.3
(55.9)","15.6
(60.1)","18.9
(66.0)","22.8
(73.0)","26.1
(79.0)","26.7
(80.1)","23.9
(75.0)","21.1
(70.0)","17.2
(63.0)","13.9
(57.0)","18.8
(65.8)"
Vancouver,Canada,4.080500000000001,5.259,8.17,5.8420000000000005,2.771,4.93675,8.966,7.5695,8.037666666666665,6.889000000000001,8.42325,5.8405000000000005,7.2745000000000015,4.550500000000001,5.7170000000000005,8.295,7.4,49.25,-123.1,CAN,2426160.0,8.89,3474.89,62.95,60.1,91.0,134.8,185.0,222.5,226.9,289.8,277.1,212.8,120.7,60.4,56.5,1937.6,"4.1
(39.4)","4.9
(40.8)","6.9
(44.4)","9.4
(48.9)","12.8
(55.0)","15.7
(60.3)","18.0
(64.4)","18.0
(64.4)","14.9
(58.8)","10.3
(50.5)","6.3
(43.3)","3.6
(38.5)","10.4
(50.7)"
Vienna,Austria,6.314000000000001,5.111,5.798000000000001,3.6350000000000007,8.0315,6.21325,7.596,8.5965,8.198,4.854500000000001,9.27,4.663,2.666,6.173,8.521500000000001,8.963999999999999,5.294499999999999,48.2083,16.3725,AUT,2223236.0,9.48,2735.42,34.15,66.0,106.0,128.0,183.0,239.0,228.0,260.0,251.0,168.0,139.0,66.0,51.0,1884.0,"0.3
(32.5)","1.5
(34.7)","5.7
(42.3)","10.7
(51.3)","15.7
(60.3)","18.7
(65.7)","20.8
(69.4)","20.2
(68.4)","15.4
(59.7)","10.2
(50.4)","5.1
(41.2)","1.1
(34.0)","10.4
(50.7)"
Vilnius,Lithuania,8.621,7.576,4.223,2.8280000000000003,2.105,5.9277500000000005,7.6003333333333325,8.857,6.330666666666666,3.7,8.71775,4.691,6.592499999999999,7.9265,5.198500000000001,7.393,4.106,54.6872,25.28,LTU,581475.0,6.32,1276.18,14.55,32.0,57.0,121.0,179.0,252.0,246.0,260.0,237.0,154.0,95.0,35.0,23.0,1691.0,"−6.1
(21.0)","−4.8
(23.4)","−0.6
(30.9)","5.7
(42.3)","12.5
(54.5)","15.8
(60.4)","16.9
(62.4)","16.3
(61.3)","11.6
(52.9)","6.6
(43.9)","1.2
(34.2)","−2.9
(26.8)","6.0
(42.8)"
Warsaw,Poland,7.8695,8.192,6.121500000000001,1.853,3.864,5.202999999999999,5.7043333333333335,8.6995,6.881666666666666,4.668500000000001,6.388999999999999,4.7615,5.0969999999999995,6.0,7.3355000000000015,4.636000000000001,4.961,52.23,21.0111,POL,2028000.0,6.31,1286.21,13.45,44.6,66.5,139.4,210.1,272.4,288.8,295.4,280.2,193.1,122.6,50.6,33.6,1997.0,"−1.8
(28.8)","−0.6
(30.9)","2.8
(37.0)","8.7
(47.7)","14.2
(57.6)","17.0
(62.6)","19.2
(66.6)","18.3
(64.9)","13.5
(56.3)","8.5
(47.3)","3.3
(37.9)","−0.7
(30.7)","8.5
(47.3)"
Wellington,New Zealand,5.134499999999999,5.161,2.4715,1.753,0.8525,6.039750000000001,10.0,8.223,8.078333333333331,4.756,9.60925,5.505500000000001,5.9315,5.1745,4.599,8.116000000000001,6.397,-41.2889,174.7772,NZL,216200.0,9.3,3549.49,53.65,240.3,205.0,194.7,153.8,126.0,102.3,111.4,137.2,163.2,191.1,210.8,222.9,2058.7,"16.9
(62.4)","17.2
(63.0)","15.8
(60.4)","13.7
(56.7)","11.7
(53.1)","9.7
(49.5)","8.9
(48.0)","9.4
(48.9)","10.8
(51.4)","12.0
(53.6)","13.5
(56.3)","15.4
(59.7)","12.9
(55.2)"
Winnipeg,Canada,7.552500000000001,5.882,3.7965,0.0,1.4754999999999998,5.104500000000001,8.966,6.0155,7.755666666666667,5.344000000000001,5.67475,5.8405000000000005,7.2745000000000015,4.902500000000001,4.688,6.659000000000001,4.243,49.8844,-97.1464,CAN,758515.0,8.22,2145.63,60.69,114.7,133.9,181.9,241.4,285.3,276.3,308.3,281.4,189.0,147.4,93.9,99.5,2352.9,"−16.4
(2.5)","−13.2
(8.2)","−5.8
(21.6)","4.4
(39.9)","11.6
(52.9)","17.0
(62.6)","19.7
(67.5)","18.8
(65.8)","12.7
(54.9)","5.0
(41.0)","−4.9
(23.2)","−13.2
(8.2)","3.0
(37.4)"
Yerevan,Armenia,9.6945,9.431,3.9265,0.0,1.7870000000000004,5.64925,6.5009999999999994,8.873000000000001,5.102,0.0,4.439500000000002,3.458,8.055000000000001,3.899999999999999,4.737000000000001,7.346500000000001,7.7765,40.1814,44.5144,ARM,1106300.0,6.32,526.47,19.41,93.0,108.0,162.0,177.0,242.0,297.0,343.0,332.0,278.0,212.0,138.0,92.0,2474.0,"−3.6
(25.5)","0.1
(32.2)","6.3
(43.3)","12.9
(55.2)","17.4
(63.3)","22.6
(72.7)","26.4
(79.5)","26.1
(79.0)","21.1
(70.0)","13.8
(56.8)","6.2
(43.2)","−0.2
(31.6)","12.4
(54.3)"
Zagreb,Croatia,8.91,7.193999999999999,4.453,1.775,2.0279999999999996,4.830000000000001,5.720333333333333,8.6575,7.266,3.211,7.331500000000001,2.2365,7.993499999999999,5.0335,4.9945,7.954500000000001,4.809,45.8131,15.9772,HRV,767131.0,6.98,1140.62,25.28,59.0,96.0,140.0,175.0,234.0,244.0,281.0,256.0,187.0,131.0,66.0,45.0,1913.0,"0.3
(32.5)","2.3
(36.1)","6.4
(43.5)","10.7
(51.3)","15.8
(60.4)","18.8
(65.8)","20.6
(69.1)","20.1
(68.2)","15.9
(60.6)","10.5
(50.9)","5.0
(41.0)","1.4
(34.5)","10.7
(51.3)"
Zurich,Switzerland,1.473,1.0,6.203500000000001,3.872,7.733499999999999,5.839499999999999,8.888,9.0665,7.670333333333332,7.2875,8.642999999999999,6.552,6.4285000000000005,7.2675,4.9655000000000005,8.7845,5.401,47.3744,8.5411,CHE,448664.0,16.03,6782.99,52.59,48.0,77.0,125.0,159.0,186.0,204.0,230.0,208.0,151.0,93.0,50.0,35.0,1566.0,"0.3
(32.5)","1.3
(34.3)","5.3
(41.5)","8.8
(47.8)","13.3
(55.9)","16.4
(61.5)","18.6
(65.5)","18.0
(64.4)","14.1
(57.4)","9.9
(49.8)","4.4
(39.9)","1.4
(34.5)","9.3
(48.7)"
Austin,United States,4.3345,5.3549999999999995,9.236,6.939000000000001,1.8515000000000004,4.3305,8.671,5.069,6.281666666666666,5.315000000000001,7.03075,6.5145,4.772,9.049,6.6979999999999995,6.7895,3.909,30.3005,-97.7522,USA,1915031.0,8.89,5494.29,65.38,163.8,169.3,205.9,205.8,227.1,285.5,317.2,297.9,233.8,215.6,168.3,153.5,2643.7,"10.8
(51.5)","12.8
(55.0)","16.5
(61.7)","20.7
(69.2)","24.8
(76.6)","27.9
(82.2)","29.4
(85.0)","29.9
(85.8)","26.7
(80.0)","21.8
(71.2)","16.1
(61.0)","11.4
(52.5)","20.7
(69.3)"
Boston,United States,1.0,4.259,9.565,10.0,3.215,4.39625,8.671,7.742000000000001,6.728999999999998,8.6245,8.1705,6.5145,4.062,5.700500000000001,8.564,8.4815,5.659999999999999,42.3188,-71.0852,USA,4355184.0,10.0,5342.19,60.95,163.4,168.4,213.7,227.2,267.3,286.5,300.9,277.3,237.1,206.3,143.2,142.3,2633.6,"−1.5
(29.3)","0.0
(32.0)","3.7
(38.6)","9.1
(48.4)","14.6
(58.2)","20.0
(68.0)","23.2
(73.7)","22.4
(72.4)","18.4
(65.2)","12.4
(54.3)","7.2
(45.0)","1.7
(35.0)","10.9
(51.7)"
Charlotte,United States,5.549,4.987,6.247999999999999,2.878,3.679,4.134,8.671,5.347499999999999,6.432333333333333,3.6245,8.009249999999998,6.5145,4.062,6.3870000000000005,5.606,6.7895,1.3115,35.2083,-80.8303,USA,1436613.0,10.0,5101.48,68.86,173.3,180.3,234.8,269.6,292.1,289.2,290.0,272.9,241.4,230.5,178.4,168.5,2821.0,"5.1
(41.2)","7.2
(45.0)","11.3
(52.3)","15.8
(60.5)","20.3
(68.5)","24.7
(76.4)","26.4
(79.6)","25.8
(78.4)","22.2
(71.9)","16.3
(61.3)","11.1
(51.9)","6.3
(43.4)","16.1
(60.9)"
Columbus,United States,6.2895,5.746000000000001,5.878500000000001,4.973000000000001,1.663,5.02675,8.671,5.2815,6.406,5.047499999999999,8.166,6.5145,3.9205,4.5535,6.465999999999999,5.9215,4.544999999999999,39.9862,-82.9855,USA,1578153.0,8.75,4403.89,60.74,110.6,126.3,162.0,201.8,243.4,258.1,260.9,235.9,212.0,183.1,104.2,84.3,2182.6,"−1.6
(29.2)","0.2
(32.4)","5.3
(41.5)","11.5
(52.7)","16.8
(62.2)","21.8
(71.2)","23.8
(74.9)","23.1
(73.6)","19.1
(66.4)","12.6
(54.7)","6.7
(44.0)","0.6
(33.1)","11.7
(53.0)"
Dallas,United States,5.259000000000001,6.090999999999999,7.939500000000001,4.9159999999999995,4.746499999999999,4.4704999999999995,8.671,4.3389999999999995,6.086666666666666,4.284,6.693,6.5145,4.772,6.4609999999999985,7.1685,5.294,4.501999999999999,32.7935,-96.7667,USA,5843632.0,8.0,5459.79,69.3,183.5,178.3,227.7,236.0,258.4,297.8,332.4,304.5,246.2,228.1,183.8,173.0,2849.7,"7.7
(45.9)","9.9
(49.9)","14.2
(57.6)","18.6
(65.5)","23.3
(73.9)","27.4
(81.4)","29.7
(85.5)","29.8
(85.7)","25.6
(78.1)","19.8
(67.6)","13.7
(56.6)","8.4
(47.2)","19.0
(66.2)"
Jacksonville,United States,6.450000000000001,5.359,4.3475,2.545,1.5674999999999997,1.40575,8.671,3.8255,6.199,3.6245,7.12025,6.5145,4.772,6.157500000000001,5.6545000000000005,5.6785000000000005,5.013,30.3322,-81.6749,USA,1303156.0,9.0,4580.33,68.45,189.4,193.8,257.9,286.4,303.9,283.6,282.0,262.4,228.2,214.6,193.9,183.6,2879.7,"11.7
(53.1)","13.6
(56.4)","16.5
(61.7)","19.4
(66.9)","23.4
(74.1)","26.7
(80.0)","27.9
(82.3)","27.6
(81.7)","25.7
(78.2)","21.3
(70.4)","16.8
(62.2)","12.9
(55.2)","20.3
(68.5)"
Kansas City,United States,6.7075,5.844,2.793999999999999,3.5380000000000007,1.869,1.9725000000000004,8.671,4.422500000000001,6.4496666666666655,3.6245,7.9765,6.5145,4.062,8.188500000000001,6.674500000000001,5.0205,4.161500000000001,39.1238,-94.5541,USA,1686807.0,10.76,2649.6,75.83,183.7,174.3,223.9,257.8,285.0,305.5,329.3,293.9,240.5,213.6,155.3,147.1,2809.9,"−1.8
(28.8)","0.8
(33.5)","6.8
(44.2)","12.7
(54.8)","18.1
(64.5)","23.1
(73.5)","25.7
(78.3)","25.0
(77.0)","20.1
(68.1)","13.5
(56.3)","6.4
(43.6)","−0.3
(31.4)","12.5
(54.5)"
Las Vegas,United States,7.0009999999999994,5.7589999999999995,7.515,2.022,3.5285,4.807499999999999,8.671,2.385,5.6353333333333335,3.6245,5.556500000000001,6.5145,4.772,5.3035,6.3685,7.275,5.385,36.2333,-115.2654,USA,2256509.0,8.25,3817.48,90.3,245.2,246.7,314.6,346.1,388.1,401.7,390.9,368.5,337.1,304.4,246.0,236.0,3825.3,"8.8
(47.8)","11.1
(52.0)","15.0
(59.0)","19.1
(66.4)","24.7
(76.5)","29.9
(85.8)","33.2
(91.7)","32.1
(89.8)","27.6
(81.7)","20.4
(68.7)","13.1
(55.6)","8.2
(46.8)","20.3
(68.5)"
Louisville,United States,7.258,6.358000000000001,4.254,2.293,1.473,1.954,8.671,3.6175,6.162333333333332,3.6245,6.601249999999999,6.5145,4.062,5.526999999999999,5.6935,5.778499999999999,1.3,38.1663,-85.6485,USA,965005.0,8.0,4226.39,60.83,140.5,148.9,188.6,221.1,263.4,288.9,293.6,272.6,234.3,208.5,135.7,118.3,2514.4,"1.1
(34.0)","3.3
(37.9)","8.3
(46.9)","13.9
(57.0)","18.9
(66.1)","23.7
(74.6)","25.7
(78.2)","25.2
(77.3)","21.1
(70.0)","14.8
(58.6)","8.7
(47.7)","2.7
(36.9)","13.9
(57.1)"
Memphis,United States,7.1145000000000005,5.829,4.449499999999999,0.0,1.6615000000000002,1.9175,8.671,2.8585000000000003,4.951333333333333,3.6245,4.545249999999999,6.5145,4.772,6.07,6.860499999999999,4.040500000000001,3.5694999999999997,35.1087,-89.9663,USA,1033394.0,8.0,4647.22,72.67,166.6,173.8,215.3,254.6,301.5,320.6,326.9,307.0,251.2,245.9,173.0,151.9,2888.3,"5.2
(41.3)","7.5
(45.5)","12.2
(54.0)","17.2
(63.0)","22.1
(71.7)","26.4
(79.6)","28.2
(82.7)","27.8
(82.1)","24.0
(75.2)","17.8
(64.1)","11.8
(53.2)","6.4
(43.6)","17.2
(63.0)"
Miami,United States,3.0309999999999997,4.497,8.0225,5.055,4.1690000000000005,4.0527500000000005,8.671,4.321,6.031,4.3945,6.292,6.5145,4.772,5.824,6.7675,6.043500000000001,5.3845,25.784,-80.2101,USA,6113982.0,10.0,4195.86,62.69,219.8,216.9,277.2,293.8,301.3,288.7,308.7,288.3,262.2,260.2,220.8,216.1,3154.0,"19.9
(67.9)","21.1
(70.0)","22.4
(72.4)","24.2
(75.6)","26.5
(79.7)","28.1
(82.5)","28.8
(83.9)","28.9
(84.0)","28.2
(82.7)","26.4
(79.6)","23.7
(74.7)","21.2
(70.2)","24.9
(76.9)"
Portland,United States,4.138,4.924,6.957,5.899,2.2405,4.9079999999999995,8.671,5.1805,6.317666666666667,4.2155,8.4595,6.5145,3.9205,5.968500000000001,6.2195,8.1595,6.303999999999999,45.5371,-122.65,USA,2084045.0,8.75,4599.72,72.97,85.6,116.4,191.1,221.1,276.1,290.2,331.9,298.1,235.7,151.7,79.3,63.7,2340.9,"5.2
(41.4)","6.6
(43.8)","8.9
(48.1)","11.3
(52.3)","14.6
(58.3)","17.6
(63.6)","20.7
(69.2)","20.9
(69.6)","18.1
(64.5)","12.7
(54.9)","8.1
(46.6)","4.7
(40.4)","12.4
(54.4)"
Salt Lake City,United States,6.141000000000001,6.172000000000001,6.3,7.09,2.736999999999999,4.573999999999999,8.671,5.657,6.246333333333332,4.2805,6.21575,6.5145,4.204,6.810500000000001,5.932,8.6225,6.641000000000002,40.7776,-111.9311,USA,1169033.0,8.5,4396.98,60.25,127.4,163.1,241.9,269.1,321.7,360.5,380.5,352.5,301.1,248.1,150.4,113.1,3029.4,"−1.3
(29.6)","1.3
(34.3)","6.6
(43.8)","10.4
(50.7)","15.5
(59.9)","21.1
(69.9)","26.1
(78.9)","25.1
(77.2)","19.1
(66.3)","11.8
(53.2)","4.6
(40.2)","−0.8
(30.5)","11.6
(52.9)"
San Diego,United States,2.9335,5.156000000000001,8.3505,8.595,2.6220000000000003,4.40975,8.671,6.933,6.519666666666666,5.4575,7.26725,6.5145,4.488,5.999,8.21,8.5395,6.396000000000002,32.8313,-117.1222,USA,3057778.0,10.0,5924.47,74.15,239.3,227.4,261.0,276.2,250.5,242.4,304.7,295.0,253.3,243.4,230.1,231.3,3054.6,"14.2
(57.6)","14.7
(58.4)","15.5
(59.9)","16.8
(62.3)","18.1
(64.5)","19.4
(67.0)","21.4
(70.5)","22.2
(72.0)","21.7
(71.0)","19.6
(67.2)","16.6
(61.8)","13.9
(57.1)","17.8
(64.1)"
Washington,United States,1.2105,3.5949999999999993,8.774000000000001,8.056,4.505000000000001,4.457000000000001,8.671,2.1915,6.257999999999999,5.968500000000001,6.9937499999999995,6.5145,4.062,3.825500000000001,10.0,6.5495,5.023499999999999,38.9047,-77.0163,USA,5146120.0,9.0,5907.32,56.06,144.6,151.8,204.0,228.2,260.5,283.2,280.5,263.1,225.0,203.6,150.2,133.0,2527.7,"2.3
(36.1)","3.9
(39.1)","8.3
(46.9)","13.8
(56.9)","18.9
(66.1)","24.1
(75.3)","26.6
(79.8)","25.7
(78.2)","21.7
(71.1)","15.3
(59.6)","9.8
(49.6)","4.3
(39.8)","14.6
(58.2)"
